2026-08-15T09:13:36.047+03:00  INFO 33260 --- [aams] [main] com.ldi.aams.AamsApplication             : Starting AamsApplication using Java 22.0.2 with PID 33260 (C:\Users\Moham\OneDrive\Desktop\PROJECTS\Airline-Mangement\backend\target\classes started by Moham in C:\Users\Moham\OneDrive\Desktop\PROJECTS\Airline-Mangement\backend)
2026-08-15T09:13:36.049+03:00 DEBUG 33260 --- [aams] [main] com.ldi.aams.AamsApplication             : Running with Spring Boot v3.3.2, Spring v6.1.11
2026-08-15T09:13:36.056+03:00  INFO 33260 --- [aams] [main] com.ldi.aams.AamsApplication             : No active profile set, falling back to 1 default profile: "default"
2026-08-15T09:13:37.313+03:00  INFO 33260 --- [aams] [main] .s.d.r.c.RepositoryConfigurationDelegate : Bootstrapping Spring Data JPA repositories in DEFAULT mode.
2026-08-15T09:13:37.437+03:00  INFO 33260 --- [aams] [main] .s.d.r.c.RepositoryConfigurationDelegate : Finished Spring Data repository scanning in 109 ms. Found 12 JPA repository interfaces.
2026-08-15T09:13:38.646+03:00  INFO 33260 --- [aams] [main] o.s.b.w.embedded.tomcat.TomcatWebServer  : Tomcat initialized with port 8082 (http)
2026-08-15T09:13:38.648+03:00  INFO 33260 --- [aams] [main] o.apache.catalina.core.StandardService   : Starting service [Tomcat]
2026-08-15T09:13:38.648+03:00  INFO 33260 --- [aams] [main] o.apache.catalina.core.StandardEngine    : Starting Servlet engine: [Apache Tomcat/10.1.26]
2026-08-15T09:13:38.726+03:00  INFO 33260 --- [aams] [main] o.a.c.c.C.[Tomcat].[localhost].[/]       : Initializing Spring embedded WebApplicationContext
2026-08-15T09:13:38.727+03:00  INFO 33260 --- [aams] [main] w.s.c.ServletWebServerApplicationContext : Root WebApplicationContext: initialization completed in 2622 ms
2026-08-15T09:13:39.122+03:00  INFO 33260 --- [aams] [main] com.zaxxer.hikari.HikariDataSource       : HikariPool-1 - Starting...
2026-08-15T09:13:41.670+03:00  INFO 33260 --- [aams] [main] com.zaxxer.hikari.pool.HikariPool        : HikariPool-1 - Added connection org.postgresql.jdbc.PgConnection@7434ee13
2026-08-15T09:13:41.670+03:00  INFO 33260 --- [aams] [main] com.zaxxer.hikari.HikariDataSource       : HikariPool-1 - Start completed.
2026-08-15T09:13:41.901+03:00  INFO 33260 --- [aams] [main] org.flywaydb.core.FlywayExecutor         : Database: jdbc:postgresql://ep-tiny-night-b1ydnyk0.c-5.eu-central-1.aws.neon.tech/neondb (PostgreSQL 18.4)
2026-08-15T09:13:42.584+03:00  WARN 33260 --- [aams] [main] o.f.c.internal.database.base.Database    : Flyway upgrade recommended: PostgreSQL 18.4 is newer than this version of Flyway and support has not been tested. The latest supported version of PostgreSQL is 16.
2026-08-15T09:13:43.126+03:00  INFO 33260 --- [aams] [main] o.f.core.internal.command.DbValidate     : Successfully validated 15 migrations (execution time 00:00.457s)
2026-08-15T09:13:44.344+03:00  INFO 33260 --- [aams] [main] o.f.core.internal.command.DbMigrate      : Current version of schema "public": 14
2026-08-15T09:13:44.347+03:00  WARN 33260 --- [aams] [main] o.f.core.internal.command.DbMigrate      : Schema "public" has a version (14) that is newer than the latest available migration (12) !
2026-08-15T09:13:44.437+03:00  INFO 33260 --- [aams] [main] o.f.core.internal.command.DbMigrate      : Schema "public" is up to date. No migration necessary.
2026-08-15T09:13:45.258+03:00  INFO 33260 --- [aams] [main] o.hibernate.jpa.internal.util.LogHelper  : HHH000204: Processing PersistenceUnitInfo [name: default]
2026-08-15T09:13:45.339+03:00  INFO 33260 --- [aams] [main] org.hibernate.Version                    : HHH000412: Hibernate ORM core version 6.5.2.Final
2026-08-15T09:13:45.414+03:00  INFO 33260 --- [aams] [main] o.h.c.internal.RegionFactoryInitiator    : HHH000026: Second-level cache disabled
2026-08-15T09:13:45.905+03:00  INFO 33260 --- [aams] [main] o.s.o.j.p.SpringPersistenceUnitInfo      : No LoadTimeWeaver setup: ignoring JPA class transformer
2026-08-15T09:13:46.254+03:00  WARN 33260 --- [aams] [main] org.hibernate.orm.deprecation            : HHH90000025: PostgreSQLDialect does not need to be specified explicitly using 'hibernate.dialect' (remove the property setting and it will be selected by default)
2026-08-15T09:13:47.830+03:00  INFO 33260 --- [aams] [main] o.h.e.t.j.p.i.JtaPlatformInitiator       : HHH000489: No JTA platform available (set 'hibernate.transaction.jta.platform' to enable JTA platform integration)
2026-08-15T09:13:51.172+03:00  INFO 33260 --- [aams] [main] j.LocalContainerEntityManagerFactoryBean : Initialized JPA EntityManagerFactory for persistence unit 'default'
2026-08-15T09:13:51.593+03:00 DEBUG 33260 --- [aams] [main] c.ldi.aams.auth.internal.JwtAuthFilter   : Filter 'jwtAuthFilter' configured for use
2026-08-15T09:13:51.809+03:00  INFO 33260 --- [aams] [main] eAuthenticationProviderManagerConfigurer : Global AuthenticationManager configured with AuthenticationProvider bean with name authenticationProvider
2026-08-15T09:13:51.809+03:00  WARN 33260 --- [aams] [main] r$InitializeUserDetailsManagerConfigurer : Global AuthenticationManager configured with an AuthenticationProvider bean. UserDetailsService beans will not be used for username/password login. Consider removing the AuthenticationProvider bean. Alternatively, consider using the UserDetailsService in a manually instantiated DaoAuthenticationProvider.
2026-08-15T09:13:51.945+03:00  INFO 33260 --- [aams] [main] o.s.d.j.r.query.QueryEnhancerFactory     : Hibernate is in classpath; If applicable, HQL parser will be used.
2026-08-15T09:13:52.580+03:00  WARN 33260 --- [aams] [main] JpaBaseConfiguration$JpaWebConfiguration : spring.jpa.open-in-view is enabled by default. Therefore, database queries may be performed during view rendering. Explicitly configure spring.jpa.open-in-view to disable this warning
2026-08-15T09:13:52.966+03:00  INFO 33260 --- [aams] [main] o.s.b.a.e.web.EndpointLinksResolver      : Exposing 1 endpoint beneath base path '/actuator'
2026-08-15T09:13:53.618+03:00  INFO 33260 --- [aams] [main] o.s.b.w.embedded.tomcat.TomcatWebServer  : Tomcat started on port 8082 (http) with context path '/'
2026-08-15T09:13:53.636+03:00  INFO 33260 --- [aams] [main] o.s.s.config.TaskSchedulerRouter         : No TaskScheduler/ScheduledExecutorService bean found for scheduled processing
2026-08-15T09:13:53.636+03:00  INFO 33260 --- [aams] [main] com.ldi.aams.AamsApplication             : Started AamsApplication in 18.275 seconds (process running for 18.803)
2026-08-15T09:13:58.367+03:00  INFO 33260 --- [aams] [http-nio-8082-exec-1] o.a.c.c.C.[Tomcat].[localhost].[/]       : Initializing Spring DispatcherServlet 'dispatcherServlet'
2026-08-15T09:13:58.368+03:00  INFO 33260 --- [aams] [http-nio-8082-exec-1] o.s.web.servlet.DispatcherServlet        : Initializing Servlet 'dispatcherServlet'
2026-08-15T09:13:58.371+03:00  INFO 33260 --- [aams] [http-nio-8082-exec-1] o.s.web.servlet.DispatcherServlet        : Completed initialization in 2 ms
2026-08-15T09:13:59.701+03:00 ERROR 33260 --- [aams] [http-nio-8082-exec-1] c.l.a.c.e.GlobalExceptionHandler         : Unhandled exception

org.springframework.security.authentication.DisabledException: User is disabled
	at org.springframework.security.authentication.dao.AbstractUserDetailsAuthenticationProvider$DefaultPreAuthenticationChecks.check(AbstractUserDetailsAuthenticationProvider.java:331) ~[spring-security-core-6.3.1.jar:6.3.1]
	at org.springframework.security.authentication.dao.AbstractUserDetailsAuthenticationProvider.authenticate(AbstractUserDetailsAuthenticationProvider.java:146) ~[spring-security-core-6.3.1.jar:6.3.1]
	at org.springframework.security.authentication.ProviderManager.authenticate(ProviderManager.java:182) ~[spring-security-core-6.3.1.jar:6.3.1]
	at com.ldi.aams.auth.AuthService.login(AuthService.java:36) ~[classes/:na]
	at java.base/jdk.internal.reflect.DirectMethodHandleAccessor.invoke(DirectMethodHandleAccessor.java:103) ~[na:na]
	at java.base/java.lang.reflect.Method.invoke(Method.java:580) ~[na:na]
	at org.springframework.aop.support.AopUtils.invokeJoinpointUsingReflection(AopUtils.java:354) ~[spring-aop-6.1.11.jar:6.1.11]
	at org.springframework.aop.framework.ReflectiveMethodInvocation.invokeJoinpoint(ReflectiveMethodInvocation.java:196) ~[spring-aop-6.1.11.jar:6.1.11]
	at org.springframework.aop.framework.ReflectiveMethodInvocation.proceed(ReflectiveMethodInvocation.java:163) ~[spring-aop-6.1.11.jar:6.1.11]
	at org.springframework.aop.framework.CglibAopProxy$CglibMethodInvocation.proceed(CglibAopProxy.java:768) ~[spring-aop-6.1.11.jar:6.1.11]
	at org.springframework.transaction.interceptor.TransactionAspectSupport.invokeWithinTransaction(TransactionAspectSupport.java:379) ~[spring-tx-6.1.11.jar:6.1.11]
	at org.springframework.transaction.interceptor.TransactionInterceptor.invoke(TransactionInterceptor.java:119) ~[spring-tx-6.1.11.jar:6.1.11]
	at org.springframework.aop.framework.ReflectiveMethodInvocation.proceed(ReflectiveMethodInvocation.java:184) ~[spring-aop-6.1.11.jar:6.1.11]
	at org.springframework.aop.framework.CglibAopProxy$CglibMethodInvocation.proceed(CglibAopProxy.java:768) ~[spring-aop-6.1.11.jar:6.1.11]
	at org.springframework.aop.framework.CglibAopProxy$DynamicAdvisedInterceptor.intercept(CglibAopProxy.java:720) ~[spring-aop-6.1.11.jar:6.1.11]
	at com.ldi.aams.auth.AuthService$$SpringCGLIB$$0.login(<generated>) ~[classes/:na]
	at com.ldi.aams.auth.AuthController.login(AuthController.java:22) ~[classes/:na]
	at java.base/jdk.internal.reflect.DirectMethodHandleAccessor.invoke(DirectMethodHandleAccessor.java:103) ~[na:na]
	at java.base/java.lang.reflect.Method.invoke(Method.java:580) ~[na:na]
	at org.springframework.web.method.support.InvocableHandlerMethod.doInvoke(InvocableHandlerMethod.java:255) ~[spring-web-6.1.11.jar:6.1.11]
	at org.springframework.web.method.support.InvocableHandlerMethod.invokeForRequest(InvocableHandlerMethod.java:188) ~[spring-web-6.1.11.jar:6.1.11]
	at org.springframework.web.servlet.mvc.method.annotation.ServletInvocableHandlerMethod.invokeAndHandle(ServletInvocableHandlerMethod.java:118) ~[spring-webmvc-6.1.11.jar:6.1.11]
	at org.springframework.web.servlet.mvc.method.annotation.RequestMappingHandlerAdapter.invokeHandlerMethod(RequestMappingHandlerAdapter.java:926) ~[spring-webmvc-6.1.11.jar:6.1.11]
	at org.springframework.web.servlet.mvc.method.annotation.RequestMappingHandlerAdapter.handleInternal(RequestMappingHandlerAdapter.java:831) ~[spring-webmvc-6.1.11.jar:6.1.11]
	at org.springframework.web.servlet.mvc.method.AbstractHandlerMethodAdapter.handle(AbstractHandlerMethodAdapter.java:87) ~[spring-webmvc-6.1.11.jar:6.1.11]
	at org.springframework.web.servlet.DispatcherServlet.doDispatch(DispatcherServlet.java:1089) ~[spring-webmvc-6.1.11.jar:6.1.11]
	at org.springframework.web.servlet.DispatcherServlet.doService(DispatcherServlet.java:979) ~[spring-webmvc-6.1.11.jar:6.1.11]
	at org.springframework.web.servlet.FrameworkServlet.processRequest(FrameworkServlet.java:1014) ~[spring-webmvc-6.1.11.jar:6.1.11]
	at org.springframework.web.servlet.FrameworkServlet.doPost(FrameworkServlet.java:914) ~[spring-webmvc-6.1.11.jar:6.1.11]
	at jakarta.servlet.http.HttpServlet.service(HttpServlet.java:590) ~[tomcat-embed-core-10.1.26.jar:10.1.26]
	at org.springframework.web.servlet.FrameworkServlet.service(FrameworkServlet.java:885) ~[spring-webmvc-6.1.11.jar:6.1.11]
	at jakarta.servlet.http.HttpServlet.service(HttpServlet.java:658) ~[tomcat-embed-core-10.1.26.jar:10.1.26]
	at org.apache.catalina.core.ApplicationFilterChain.internalDoFilter(ApplicationFilterChain.java:195) ~[tomcat-embed-core-10.1.26.jar:10.1.26]
	at org.apache.catalina.core.ApplicationFilterChain.doFilter(ApplicationFilterChain.java:140) ~[tomcat-embed-core-10.1.26.jar:10.1.26]
	at org.apache.tomcat.websocket.server.WsFilter.doFilter(WsFilter.java:51) ~[tomcat-embed-websocket-10.1.26.jar:10.1.26]
	at org.apache.catalina.core.ApplicationFilterChain.internalDoFilter(ApplicationFilterChain.java:164) ~[tomcat-embed-core-10.1.26.jar:10.1.26]
	at org.apache.catalina.core.ApplicationFilterChain.doFilter(ApplicationFilterChain.java:140) ~[tomcat-embed-core-10.1.26.jar:10.1.26]
	at org.springframework.web.filter.OncePerRequestFilter.doFilter(OncePerRequestFilter.java:110) ~[spring-web-6.1.11.jar:6.1.11]
	at org.apache.catalina.core.ApplicationFilterChain.internalDoFilter(ApplicationFilterChain.java:164) ~[tomcat-embed-core-10.1.26.jar:10.1.26]
	at org.apache.catalina.core.ApplicationFilterChain.doFilter(ApplicationFilterChain.java:140) ~[tomcat-embed-core-10.1.26.jar:10.1.26]
	at org.springframework.web.filter.CompositeFilter$VirtualFilterChain.doFilter(CompositeFilter.java:108) ~[spring-web-6.1.11.jar:6.1.11]
	at org.springframework.security.web.FilterChainProxy.lambda$doFilterInternal$3(FilterChainProxy.java:231) ~[spring-security-web-6.3.1.jar:6.3.1]
	at org.springframework.security.web.ObservationFilterChainDecorator$FilterObservation$SimpleFilterObservation.lambda$wrap$1(ObservationFilterChainDecorator.java:479) ~[spring-security-web-6.3.1.jar:6.3.1]
	at org.springframework.security.web.ObservationFilterChainDecorator$AroundFilterObservation$SimpleAroundFilterObservation.lambda$wrap$1(ObservationFilterChainDecorator.java:340) ~[spring-security-web-6.3.1.jar:6.3.1]
	at org.springframework.security.web.ObservationFilterChainDecorator.lambda$wrapSecured$0(ObservationFilterChainDecorator.java:82) ~[spring-security-web-6.3.1.jar:6.3.1]
	at org.springframework.security.web.ObservationFilterChainDecorator$VirtualFilterChain.doFilter(ObservationFilterChainDecorator.java:128) ~[spring-security-web-6.3.1.jar:6.3.1]
	at org.springframework.security.web.access.intercept.AuthorizationFilter.doFilter(AuthorizationFilter.java:100) ~[spring-security-web-6.3.1.jar:6.3.1]
	at org.springframework.security.web.ObservationFilterChainDecorator$ObservationFilter.wrapFilter(ObservationFilterChainDecorator.java:240) ~[spring-security-web-6.3.1.jar:6.3.1]
	at org.springframework.security.web.ObservationFilterChainDecorator$ObservationFilter.doFilter(ObservationFilterChainDecorator.java:227) ~[spring-security-web-6.3.1.jar:6.3.1]
	at org.springframework.security.web.ObservationFilterChainDecorator$VirtualFilterChain.doFilter(ObservationFilterChainDecorator.java:137) ~[spring-security-web-6.3.1.jar:6.3.1]
	at org.springframework.security.web.access.ExceptionTranslationFilter.doFilter(ExceptionTranslationFilter.java:126) ~[spring-security-web-6.3.1.jar:6.3.1]
	at org.springframework.security.web.access.ExceptionTranslationFilter.doFilter(ExceptionTranslationFilter.java:120) ~[spring-security-web-6.3.1.jar:6.3.1]
	at org.springframework.security.web.ObservationFilterChainDecorator$ObservationFilter.wrapFilter(ObservationFilterChainDecorator.java:240) ~[spring-security-web-6.3.1.jar:6.3.1]
	at org.springframework.security.web.ObservationFilterChainDecorator$ObservationFilter.doFilter(ObservationFilterChainDecorator.java:227) ~[spring-security-web-6.3.1.jar:6.3.1]
	at org.springframework.security.web.ObservationFilterChainDecorator$VirtualFilterChain.doFilter(ObservationFilterChainDecorator.java:137) ~[spring-security-web-6.3.1.jar:6.3.1]
	at org.springframework.security.web.session.SessionManagementFilter.doFilter(SessionManagementFilter.java:131) ~[spring-security-web-6.3.1.jar:6.3.1]
	at org.springframework.security.web.session.SessionManagementFilter.doFilter(SessionManagementFilter.java:85) ~[spring-security-web-6.3.1.jar:6.3.1]
	at org.springframework.security.web.ObservationFilterChainDecorator$ObservationFilter.wrapFilter(ObservationFilterChainDecorator.java:240) ~[spring-security-web-6.3.1.jar:6.3.1]
	at org.springframework.security.web.ObservationFilterChainDecorator$ObservationFilter.doFilter(ObservationFilterChainDecorator.java:227) ~[spring-security-web-6.3.1.jar:6.3.1]
	at org.springframework.security.web.ObservationFilterChainDecorator$VirtualFilterChain.doFilter(ObservationFilterChainDecorator.java:137) ~[spring-security-web-6.3.1.jar:6.3.1]
	at org.springframework.security.web.authentication.AnonymousAuthenticationFilter.doFilter(AnonymousAuthenticationFilter.java:100) ~[spring-security-web-6.3.1.jar:6.3.1]
	at org.springframework.security.web.ObservationFilterChainDecorator$ObservationFilter.wrapFilter(ObservationFilterChainDecorator.java:240) ~[spring-security-web-6.3.1.jar:6.3.1]
	at org.springframework.security.web.ObservationFilterChainDecorator$ObservationFilter.doFilter(ObservationFilterChainDecorator.java:227) ~[spring-security-web-6.3.1.jar:6.3.1]
	at org.springframework.security.web.ObservationFilterChainDecorator$VirtualFilterChain.doFilter(ObservationFilterChainDecorator.java:137) ~[spring-security-web-6.3.1.jar:6.3.1]
	at org.springframework.security.web.servletapi.SecurityContextHolderAwareRequestFilter.doFilter(SecurityContextHolderAwareRequestFilter.java:179) ~[spring-security-web-6.3.1.jar:6.3.1]
	at org.springframework.security.web.ObservationFilterChainDecorator$ObservationFilter.wrapFilter(ObservationFilterChainDecorator.java:240) ~[spring-security-web-6.3.1.jar:6.3.1]
	at org.springframework.security.web.ObservationFilterChainDecorator$ObservationFilter.doFilter(ObservationFilterChainDecorator.java:227) ~[spring-security-web-6.3.1.jar:6.3.1]
	at org.springframework.security.web.ObservationFilterChainDecorator$VirtualFilterChain.doFilter(ObservationFilterChainDecorator.java:137) ~[spring-security-web-6.3.1.jar:6.3.1]
	at org.springframework.security.web.savedrequest.RequestCacheAwareFilter.doFilter(RequestCacheAwareFilter.java:63) ~[spring-security-web-6.3.1.jar:6.3.1]
	at org.springframework.security.web.ObservationFilterChainDecorator$ObservationFilter.wrapFilter(ObservationFilterChainDecorator.java:240) ~[spring-security-web-6.3.1.jar:6.3.1]
	at org.springframework.security.web.ObservationFilterChainDecorator$ObservationFilter.doFilter(ObservationFilterChainDecorator.java:227) ~[spring-security-web-6.3.1.jar:6.3.1]
	at org.springframework.security.web.ObservationFilterChainDecorator$VirtualFilterChain.doFilter(ObservationFilterChainDecorator.java:137) ~[spring-security-web-6.3.1.jar:6.3.1]
	at com.ldi.aams.auth.internal.JwtAuthFilter.doFilterInternal(JwtAuthFilter.java:33) ~[classes/:na]
	at org.springframework.web.filter.OncePerRequestFilter.doFilter(OncePerRequestFilter.java:116) ~[spring-web-6.1.11.jar:6.1.11]
	at org.springframework.security.web.ObservationFilterChainDecorator$ObservationFilter.wrapFilter(ObservationFilterChainDecorator.java:240) ~[spring-security-web-6.3.1.jar:6.3.1]
	at org.springframework.security.web.ObservationFilterChainDecorator$ObservationFilter.doFilter(ObservationFilterChainDecorator.java:227) ~[spring-security-web-6.3.1.jar:6.3.1]
	at org.springframework.security.web.ObservationFilterChainDecorator$VirtualFilterChain.doFilter(ObservationFilterChainDecorator.java:137) ~[spring-security-web-6.3.1.jar:6.3.1]
	at org.springframework.security.web.authentication.logout.LogoutFilter.doFilter(LogoutFilter.java:107) ~[spring-security-web-6.3.1.jar:6.3.1]
	at org.springframework.security.web.authentication.logout.LogoutFilter.doFilter(LogoutFilter.java:93) ~[spring-security-web-6.3.1.jar:6.3.1]
	at org.springframework.security.web.ObservationFilterChainDecorator$ObservationFilter.wrapFilter(ObservationFilterChainDecorator.java:240) ~[spring-security-web-6.3.1.jar:6.3.1]
	at org.springframework.security.web.ObservationFilterChainDecorator$ObservationFilter.doFilter(ObservationFilterChainDecorator.java:227) ~[spring-security-web-6.3.1.jar:6.3.1]
	at org.springframework.security.web.ObservationFilterChainDecorator$VirtualFilterChain.doFilter(ObservationFilterChainDecorator.java:137) ~[spring-security-web-6.3.1.jar:6.3.1]
	at org.springframework.web.filter.CorsFilter.doFilterInternal(CorsFilter.java:91) ~[spring-web-6.1.11.jar:6.1.11]
	at org.springframework.web.filter.OncePerRequestFilter.doFilter(OncePerRequestFilter.java:116) ~[spring-web-6.1.11.jar:6.1.11]
	at org.springframework.security.web.ObservationFilterChainDecorator$ObservationFilter.wrapFilter(ObservationFilterChainDecorator.java:240) ~[spring-security-web-6.3.1.jar:6.3.1]
	at org.springframework.security.web.ObservationFilterChainDecorator$ObservationFilter.doFilter(ObservationFilterChainDecorator.java:227) ~[spring-security-web-6.3.1.jar:6.3.1]
	at org.springframework.security.web.ObservationFilterChainDecorator$VirtualFilterChain.doFilter(ObservationFilterChainDecorator.java:137) ~[spring-security-web-6.3.1.jar:6.3.1]
	at org.springframework.security.web.header.HeaderWriterFilter.doHeadersAfter(HeaderWriterFilter.java:90) ~[spring-security-web-6.3.1.jar:6.3.1]
	at org.springframework.security.web.header.HeaderWriterFilter.doFilterInternal(HeaderWriterFilter.java:75) ~[spring-security-web-6.3.1.jar:6.3.1]
	at org.springframework.web.filter.OncePerRequestFilter.doFilter(OncePerRequestFilter.java:116) ~[spring-web-6.1.11.jar:6.1.11]
	at org.springframework.security.web.ObservationFilterChainDecorator$ObservationFilter.wrapFilter(ObservationFilterChainDecorator.java:240) ~[spring-security-web-6.3.1.jar:6.3.1]
	at org.springframework.security.web.ObservationFilterChainDecorator$ObservationFilter.doFilter(ObservationFilterChainDecorator.java:227) ~[spring-security-web-6.3.1.jar:6.3.1]
	at org.springframework.security.web.ObservationFilterChainDecorator$VirtualFilterChain.doFilter(ObservationFilterChainDecorator.java:137) ~[spring-security-web-6.3.1.jar:6.3.1]
	at org.springframework.security.web.context.SecurityContextHolderFilter.doFilter(SecurityContextHolderFilter.java:82) ~[spring-security-web-6.3.1.jar:6.3.1]
	at org.springframework.security.web.context.SecurityContextHolderFilter.doFilter(SecurityContextHolderFilter.java:69) ~[spring-security-web-6.3.1.jar:6.3.1]
	at org.springframework.security.web.ObservationFilterChainDecorator$ObservationFilter.wrapFilter(ObservationFilterChainDecorator.java:240) ~[spring-security-web-6.3.1.jar:6.3.1]
	at org.springframework.security.web.ObservationFilterChainDecorator$ObservationFilter.doFilter(ObservationFilterChainDecorator.java:227) ~[spring-security-web-6.3.1.jar:6.3.1]
	at org.springframework.security.web.ObservationFilterChainDecorator$VirtualFilterChain.doFilter(ObservationFilterChainDecorator.java:137) ~[spring-security-web-6.3.1.jar:6.3.1]
	at org.springframework.security.web.context.request.async.WebAsyncManagerIntegrationFilter.doFilterInternal(WebAsyncManagerIntegrationFilter.java:62) ~[spring-security-web-6.3.1.jar:6.3.1]
	at org.springframework.web.filter.OncePerRequestFilter.doFilter(OncePerRequestFilter.java:116) ~[spring-web-6.1.11.jar:6.1.11]
	at org.springframework.security.web.ObservationFilterChainDecorator$ObservationFilter.wrapFilter(ObservationFilterChainDecorator.java:240) ~[spring-security-web-6.3.1.jar:6.3.1]
	at org.springframework.security.web.ObservationFilterChainDecorator$ObservationFilter.doFilter(ObservationFilterChainDecorator.java:227) ~[spring-security-web-6.3.1.jar:6.3.1]
	at org.springframework.security.web.ObservationFilterChainDecorator$VirtualFilterChain.doFilter(ObservationFilterChainDecorator.java:137) ~[spring-security-web-6.3.1.jar:6.3.1]
	at org.springframework.security.web.session.DisableEncodeUrlFilter.doFilterInternal(DisableEncodeUrlFilter.java:42) ~[spring-security-web-6.3.1.jar:6.3.1]
	at org.springframework.web.filter.OncePerRequestFilter.doFilter(OncePerRequestFilter.java:116) ~[spring-web-6.1.11.jar:6.1.11]
	at org.springframework.security.web.ObservationFilterChainDecorator$ObservationFilter.wrapFilter(ObservationFilterChainDecorator.java:240) ~[spring-security-web-6.3.1.jar:6.3.1]
	at org.springframework.security.web.ObservationFilterChainDecorator$AroundFilterObservation$SimpleAroundFilterObservation.lambda$wrap$0(ObservationFilterChainDecorator.java:323) ~[spring-security-web-6.3.1.jar:6.3.1]
	at org.springframework.security.web.ObservationFilterChainDecorator$ObservationFilter.doFilter(ObservationFilterChainDecorator.java:224) ~[spring-security-web-6.3.1.jar:6.3.1]
	at org.springframework.security.web.ObservationFilterChainDecorator$VirtualFilterChain.doFilter(ObservationFilterChainDecorator.java:137) ~[spring-security-web-6.3.1.jar:6.3.1]
	at org.springframework.security.web.FilterChainProxy.doFilterInternal(FilterChainProxy.java:233) ~[spring-security-web-6.3.1.jar:6.3.1]
	at org.springframework.security.web.FilterChainProxy.doFilter(FilterChainProxy.java:191) ~[spring-security-web-6.3.1.jar:6.3.1]
	at org.springframework.web.filter.CompositeFilter$VirtualFilterChain.doFilter(CompositeFilter.java:113) ~[spring-web-6.1.11.jar:6.1.11]
	at org.springframework.web.servlet.handler.HandlerMappingIntrospector.lambda$createCacheFilter$3(HandlerMappingIntrospector.java:195) ~[spring-webmvc-6.1.11.jar:6.1.11]
	at org.springframework.web.filter.CompositeFilter$VirtualFilterChain.doFilter(CompositeFilter.java:113) ~[spring-web-6.1.11.jar:6.1.11]
	at org.springframework.web.filter.CompositeFilter.doFilter(CompositeFilter.java:74) ~[spring-web-6.1.11.jar:6.1.11]
	at org.springframework.security.config.annotation.web.configuration.WebMvcSecurityConfiguration$CompositeFilterChainProxy.doFilter(WebMvcSecurityConfiguration.java:230) ~[spring-security-config-6.3.1.jar:6.3.1]
	at org.springframework.web.filter.DelegatingFilterProxy.invokeDelegate(DelegatingFilterProxy.java:352) ~[spring-web-6.1.11.jar:6.1.11]
	at org.springframework.web.filter.DelegatingFilterProxy.doFilter(DelegatingFilterProxy.java:268) ~[spring-web-6.1.11.jar:6.1.11]
	at org.apache.catalina.core.ApplicationFilterChain.internalDoFilter(ApplicationFilterChain.java:164) ~[tomcat-embed-core-10.1.26.jar:10.1.26]
	at org.apache.catalina.core.ApplicationFilterChain.doFilter(ApplicationFilterChain.java:140) ~[tomcat-embed-core-10.1.26.jar:10.1.26]
	at org.springframework.web.filter.RequestContextFilter.doFilterInternal(RequestContextFilter.java:100) ~[spring-web-6.1.11.jar:6.1.11]
	at org.springframework.web.filter.OncePerRequestFilter.doFilter(OncePerRequestFilter.java:116) ~[spring-web-6.1.11.jar:6.1.11]
	at org.apache.catalina.core.ApplicationFilterChain.internalDoFilter(ApplicationFilterChain.java:164) ~[tomcat-embed-core-10.1.26.jar:10.1.26]
	at org.apache.catalina.core.ApplicationFilterChain.doFilter(ApplicationFilterChain.java:140) ~[tomcat-embed-core-10.1.26.jar:10.1.26]
	at org.springframework.web.filter.FormContentFilter.doFilterInternal(FormContentFilter.java:93) ~[spring-web-6.1.11.jar:6.1.11]
	at org.springframework.web.filter.OncePerRequestFilter.doFilter(OncePerRequestFilter.java:116) ~[spring-web-6.1.11.jar:6.1.11]
	at org.apache.catalina.core.ApplicationFilterChain.internalDoFilter(ApplicationFilterChain.java:164) ~[tomcat-embed-core-10.1.26.jar:10.1.26]
	at org.apache.catalina.core.ApplicationFilterChain.doFilter(ApplicationFilterChain.java:140) ~[tomcat-embed-core-10.1.26.jar:10.1.26]
	at org.springframework.web.filter.ServerHttpObservationFilter.doFilterInternal(ServerHttpObservationFilter.java:113) ~[spring-web-6.1.11.jar:6.1.11]
	at org.springframework.web.filter.OncePerRequestFilter.doFilter(OncePerRequestFilter.java:116) ~[spring-web-6.1.11.jar:6.1.11]
	at org.apache.catalina.core.ApplicationFilterChain.internalDoFilter(ApplicationFilterChain.java:164) ~[tomcat-embed-core-10.1.26.jar:10.1.26]
	at org.apache.catalina.core.ApplicationFilterChain.doFilter(ApplicationFilterChain.java:140) ~[tomcat-embed-core-10.1.26.jar:10.1.26]
	at org.springframework.web.filter.CharacterEncodingFilter.doFilterInternal(CharacterEncodingFilter.java:201) ~[spring-web-6.1.11.jar:6.1.11]
	at org.springframework.web.filter.OncePerRequestFilter.doFilter(OncePerRequestFilter.java:116) ~[spring-web-6.1.11.jar:6.1.11]
	at org.apache.catalina.core.ApplicationFilterChain.internalDoFilter(ApplicationFilterChain.java:164) ~[tomcat-embed-core-10.1.26.jar:10.1.26]
	at org.apache.catalina.core.ApplicationFilterChain.doFilter(ApplicationFilterChain.java:140) ~[tomcat-embed-core-10.1.26.jar:10.1.26]
	at org.apache.catalina.core.StandardWrapperValve.invoke(StandardWrapperValve.java:167) ~[tomcat-embed-core-10.1.26.jar:10.1.26]
	at org.apache.catalina.core.StandardContextValve.invoke(StandardContextValve.java:90) ~[tomcat-embed-core-10.1.26.jar:10.1.26]
	at org.apache.catalina.authenticator.AuthenticatorBase.invoke(AuthenticatorBase.java:483) ~[tomcat-embed-core-10.1.26.jar:10.1.26]
	at org.apache.catalina.core.StandardHostValve.invoke(StandardHostValve.java:115) ~[tomcat-embed-core-10.1.26.jar:10.1.26]
	at org.apache.catalina.valves.ErrorReportValve.invoke(ErrorReportValve.java:93) ~[tomcat-embed-core-10.1.26.jar:10.1.26]
	at org.apache.catalina.core.StandardEngineValve.invoke(StandardEngineValve.java:74) ~[tomcat-embed-core-10.1.26.jar:10.1.26]
	at org.apache.catalina.connector.CoyoteAdapter.service(CoyoteAdapter.java:344) ~[tomcat-embed-core-10.1.26.jar:10.1.26]
	at org.apache.coyote.http11.Http11Processor.service(Http11Processor.java:389) ~[tomcat-embed-core-10.1.26.jar:10.1.26]
	at org.apache.coyote.AbstractProcessorLight.process(AbstractProcessorLight.java:63) ~[tomcat-embed-core-10.1.26.jar:10.1.26]
	at org.apache.coyote.AbstractProtocol$ConnectionHandler.process(AbstractProtocol.java:904) ~[tomcat-embed-core-10.1.26.jar:10.1.26]
	at org.apache.tomcat.util.net.NioEndpoint$SocketProcessor.doRun(NioEndpoint.java:1741) ~[tomcat-embed-core-10.1.26.jar:10.1.26]
	at org.apache.tomcat.util.net.SocketProcessorBase.run(SocketProcessorBase.java:52) ~[tomcat-embed-core-10.1.26.jar:10.1.26]
	at org.apache.tomcat.util.threads.ThreadPoolExecutor.runWorker(ThreadPoolExecutor.java:1190) ~[tomcat-embed-core-10.1.26.jar:10.1.26]
	at org.apache.tomcat.util.threads.ThreadPoolExecutor$Worker.run(ThreadPoolExecutor.java:659) ~[tomcat-embed-core-10.1.26.jar:10.1.26]
	at org.apache.tomcat.util.threads.TaskThread$WrappingRunnable.run(TaskThread.java:63) ~[tomcat-embed-core-10.1.26.jar:10.1.26]
	at java.base/java.lang.Thread.run(Thread.java:1570) ~[na:na]

2026-08-15T09:15:04.455+03:00  INFO 33260 --- [aams] [SpringApplicationShutdownHook] .s.m.e.c.DefaultEventPublicationRegistry : No publications outstanding!
2026-08-15T09:15:04.463+03:00  INFO 33260 --- [aams] [SpringApplicationShutdownHook] j.LocalContainerEntityManagerFactoryBean : Closing JPA EntityManagerFactory for persistence unit 'default'
2026-08-15T09:15:04.472+03:00  INFO 33260 --- [aams] [SpringApplicationShutdownHook] com.zaxxer.hikari.HikariDataSource       : HikariPool-1 - Shutdown initiated...
2026-08-15T09:15:05.427+03:00  INFO 33260 --- [aams] [SpringApplicationShutdownHook] com.zaxxer.hikari.HikariDataSource       : HikariPool-1 - Shutdown completed.
2026-08-15T09:15:22.477+03:00  INFO 23636 --- [aams] [main] com.ldi.aams.AamsApplication             : Starting AamsApplication using Java 22.0.2 with PID 23636 (C:\Users\Moham\OneDrive\Desktop\PROJECTS\Airline-Mangement\backend\target\classes started by Moham in C:\Users\Moham\OneDrive\Desktop\PROJECTS\Airline-Mangement\backend)
2026-08-15T09:15:22.477+03:00 DEBUG 23636 --- [aams] [main] com.ldi.aams.AamsApplication             : Running with Spring Boot v3.3.2, Spring v6.1.11
2026-08-15T09:15:22.483+03:00  INFO 23636 --- [aams] [main] com.ldi.aams.AamsApplication             : No active profile set, falling back to 1 default profile: "default"
2026-08-15T09:15:23.637+03:00  INFO 23636 --- [aams] [main] .s.d.r.c.RepositoryConfigurationDelegate : Bootstrapping Spring Data JPA repositories in DEFAULT mode.
2026-08-15T09:15:23.794+03:00  INFO 23636 --- [aams] [main] .s.d.r.c.RepositoryConfigurationDelegate : Finished Spring Data repository scanning in 162 ms. Found 12 JPA repository interfaces.
2026-08-15T09:15:24.625+03:00  INFO 23636 --- [aams] [main] o.s.b.w.embedded.tomcat.TomcatWebServer  : Tomcat initialized with port 8082 (http)
2026-08-15T09:15:24.639+03:00  INFO 23636 --- [aams] [main] o.apache.catalina.core.StandardService   : Starting service [Tomcat]
2026-08-15T09:15:24.639+03:00  INFO 23636 --- [aams] [main] o.apache.catalina.core.StandardEngine    : Starting Servlet engine: [Apache Tomcat/10.1.26]
2026-08-15T09:15:24.698+03:00  INFO 23636 --- [aams] [main] o.a.c.c.C.[Tomcat].[localhost].[/]       : Initializing Spring embedded WebApplicationContext
2026-08-15T09:15:24.698+03:00  INFO 23636 --- [aams] [main] w.s.c.ServletWebServerApplicationContext : Root WebApplicationContext: initialization completed in 2159 ms
2026-08-15T09:15:25.089+03:00  INFO 23636 --- [aams] [main] com.zaxxer.hikari.HikariDataSource       : HikariPool-1 - Starting...
2026-08-15T09:15:26.959+03:00  INFO 23636 --- [aams] [main] com.zaxxer.hikari.pool.HikariPool        : HikariPool-1 - Added connection org.postgresql.jdbc.PgConnection@326706d
2026-08-15T09:15:26.963+03:00  INFO 23636 --- [aams] [main] com.zaxxer.hikari.HikariDataSource       : HikariPool-1 - Start completed.
2026-08-15T09:15:27.238+03:00  INFO 23636 --- [aams] [main] org.flywaydb.core.FlywayExecutor         : Database: jdbc:postgresql://ep-tiny-night-b1ydnyk0.c-5.eu-central-1.aws.neon.tech/neondb (PostgreSQL 18.4)
2026-08-15T09:15:28.140+03:00  WARN 23636 --- [aams] [main] o.f.c.internal.database.base.Database    : Flyway upgrade recommended: PostgreSQL 18.4 is newer than this version of Flyway and support has not been tested. The latest supported version of PostgreSQL is 16.
2026-08-15T09:15:28.877+03:00  INFO 23636 --- [aams] [main] o.f.core.internal.command.DbValidate     : Successfully validated 15 migrations (execution time 00:00.565s)
2026-08-15T09:15:30.111+03:00  INFO 23636 --- [aams] [main] o.f.core.internal.command.DbMigrate      : Current version of schema "public": 14
2026-08-15T09:15:30.111+03:00  WARN 23636 --- [aams] [main] o.f.core.internal.command.DbMigrate      : Schema "public" has a version (14) that is newer than the latest available migration (12) !
2026-08-15T09:15:30.204+03:00  INFO 23636 --- [aams] [main] o.f.core.internal.command.DbMigrate      : Schema "public" is up to date. No migration necessary.
2026-08-15T09:15:30.841+03:00  INFO 23636 --- [aams] [main] o.hibernate.jpa.internal.util.LogHelper  : HHH000204: Processing PersistenceUnitInfo [name: default]
2026-08-15T09:15:30.929+03:00  INFO 23636 --- [aams] [main] org.hibernate.Version                    : HHH000412: Hibernate ORM core version 6.5.2.Final
2026-08-15T09:15:30.968+03:00  INFO 23636 --- [aams] [main] o.h.c.internal.RegionFactoryInitiator    : HHH000026: Second-level cache disabled
2026-08-15T09:15:31.246+03:00  INFO 23636 --- [aams] [main] o.s.o.j.p.SpringPersistenceUnitInfo      : No LoadTimeWeaver setup: ignoring JPA class transformer
2026-08-15T09:15:31.505+03:00  WARN 23636 --- [aams] [main] org.hibernate.orm.deprecation            : HHH90000025: PostgreSQLDialect does not need to be specified explicitly using 'hibernate.dialect' (remove the property setting and it will be selected by default)
2026-08-15T09:15:32.792+03:00  INFO 23636 --- [aams] [main] o.h.e.t.j.p.i.JtaPlatformInitiator       : HHH000489: No JTA platform available (set 'hibernate.transaction.jta.platform' to enable JTA platform integration)
2026-08-15T09:15:37.119+03:00  INFO 23636 --- [aams] [main] j.LocalContainerEntityManagerFactoryBean : Initialized JPA EntityManagerFactory for persistence unit 'default'
2026-08-15T09:15:37.419+03:00 DEBUG 23636 --- [aams] [main] c.ldi.aams.auth.internal.JwtAuthFilter   : Filter 'jwtAuthFilter' configured for use
2026-08-15T09:15:37.591+03:00  INFO 23636 --- [aams] [main] eAuthenticationProviderManagerConfigurer : Global AuthenticationManager configured with AuthenticationProvider bean with name authenticationProvider
2026-08-15T09:15:37.591+03:00  WARN 23636 --- [aams] [main] r$InitializeUserDetailsManagerConfigurer : Global AuthenticationManager configured with an AuthenticationProvider bean. UserDetailsService beans will not be used for username/password login. Consider removing the AuthenticationProvider bean. Alternatively, consider using the UserDetailsService in a manually instantiated DaoAuthenticationProvider.
2026-08-15T09:15:37.717+03:00  INFO 23636 --- [aams] [main] o.s.d.j.r.query.QueryEnhancerFactory     : Hibernate is in classpath; If applicable, HQL parser will be used.
2026-08-15T09:15:38.318+03:00  WARN 23636 --- [aams] [main] JpaBaseConfiguration$JpaWebConfiguration : spring.jpa.open-in-view is enabled by default. Therefore, database queries may be performed during view rendering. Explicitly configure spring.jpa.open-in-view to disable this warning
2026-08-15T09:15:38.719+03:00  INFO 23636 --- [aams] [main] o.s.b.a.e.web.EndpointLinksResolver      : Exposing 1 endpoint beneath base path '/actuator'
2026-08-15T09:15:39.286+03:00  INFO 23636 --- [aams] [main] o.s.b.w.embedded.tomcat.TomcatWebServer  : Tomcat started on port 8082 (http) with context path '/'
2026-08-15T09:15:39.300+03:00  INFO 23636 --- [aams] [main] o.s.s.config.TaskSchedulerRouter         : No TaskScheduler/ScheduledExecutorService bean found for scheduled processing
2026-08-15T09:15:39.300+03:00  INFO 23636 --- [aams] [main] com.ldi.aams.AamsApplication             : Started AamsApplication in 17.503 seconds (process running for 17.99)
2026-08-15T09:15:42.172+03:00  INFO 23636 --- [aams] [http-nio-8082-exec-1] o.a.c.c.C.[Tomcat].[localhost].[/]       : Initializing Spring DispatcherServlet 'dispatcherServlet'
2026-08-15T09:15:42.173+03:00  INFO 23636 --- [aams] [http-nio-8082-exec-1] o.s.web.servlet.DispatcherServlet        : Initializing Servlet 'dispatcherServlet'
2026-08-15T09:15:42.177+03:00  INFO 23636 --- [aams] [http-nio-8082-exec-1] o.s.web.servlet.DispatcherServlet        : Completed initialization in 2 ms
2026-08-15T09:24:25.332+03:00  INFO 23636 --- [aams] [SpringApplicationShutdownHook] .s.m.e.c.DefaultEventPublicationRegistry : No publications outstanding!
2026-08-15T09:24:25.352+03:00  INFO 23636 --- [aams] [SpringApplicationShutdownHook] j.LocalContainerEntityManagerFactoryBean : Closing JPA EntityManagerFactory for persistence unit 'default'
2026-08-15T09:24:25.360+03:00  INFO 23636 --- [aams] [SpringApplicationShutdownHook] com.zaxxer.hikari.HikariDataSource       : HikariPool-1 - Shutdown initiated...
2026-08-15T09:24:26.342+03:00  INFO 23636 --- [aams] [SpringApplicationShutdownHook] com.zaxxer.hikari.HikariDataSource       : HikariPool-1 - Shutdown completed.
2026-08-15T09:24:37.855+03:00  INFO 32864 --- [aams] [main] com.ldi.aams.AamsApplication             : Starting AamsApplication using Java 22.0.2 with PID 32864 (C:\Users\Moham\OneDrive\Desktop\PROJECTS\Airline-Mangement\backend\target\classes started by Moham in C:\Users\Moham\OneDrive\Desktop\PROJECTS\Airline-Mangement\backend)
2026-08-15T09:24:37.859+03:00 DEBUG 32864 --- [aams] [main] com.ldi.aams.AamsApplication             : Running with Spring Boot v3.3.2, Spring v6.1.11
2026-08-15T09:24:37.859+03:00  INFO 32864 --- [aams] [main] com.ldi.aams.AamsApplication             : No active profile set, falling back to 1 default profile: "default"
2026-08-15T09:24:39.352+03:00  INFO 32864 --- [aams] [main] .s.d.r.c.RepositoryConfigurationDelegate : Bootstrapping Spring Data JPA repositories in DEFAULT mode.
2026-08-15T09:24:39.498+03:00  INFO 32864 --- [aams] [main] .s.d.r.c.RepositoryConfigurationDelegate : Finished Spring Data repository scanning in 128 ms. Found 12 JPA repository interfaces.
2026-08-15T09:24:40.794+03:00  INFO 32864 --- [aams] [main] o.s.b.w.embedded.tomcat.TomcatWebServer  : Tomcat initialized with port 8082 (http)
2026-08-15T09:24:40.819+03:00  INFO 32864 --- [aams] [main] o.apache.catalina.core.StandardService   : Starting service [Tomcat]
2026-08-15T09:24:40.819+03:00  INFO 32864 --- [aams] [main] o.apache.catalina.core.StandardEngine    : Starting Servlet engine: [Apache Tomcat/10.1.26]
2026-08-15T09:24:40.924+03:00  INFO 32864 --- [aams] [main] o.a.c.c.C.[Tomcat].[localhost].[/]       : Initializing Spring embedded WebApplicationContext
2026-08-15T09:24:40.927+03:00  INFO 32864 --- [aams] [main] w.s.c.ServletWebServerApplicationContext : Root WebApplicationContext: initialization completed in 2993 ms
2026-08-15T09:24:41.486+03:00  INFO 32864 --- [aams] [main] com.zaxxer.hikari.HikariDataSource       : HikariPool-1 - Starting...
2026-08-15T09:24:43.987+03:00  INFO 32864 --- [aams] [main] com.zaxxer.hikari.pool.HikariPool        : HikariPool-1 - Added connection org.postgresql.jdbc.PgConnection@44a14de0
2026-08-15T09:24:43.993+03:00  INFO 32864 --- [aams] [main] com.zaxxer.hikari.HikariDataSource       : HikariPool-1 - Start completed.
2026-08-15T09:24:44.248+03:00  INFO 32864 --- [aams] [main] org.flywaydb.core.FlywayExecutor         : Database: jdbc:postgresql://ep-tiny-night-b1ydnyk0.c-5.eu-central-1.aws.neon.tech/neondb (PostgreSQL 18.4)
2026-08-15T09:24:44.962+03:00  WARN 32864 --- [aams] [main] o.f.c.internal.database.base.Database    : Flyway upgrade recommended: PostgreSQL 18.4 is newer than this version of Flyway and support has not been tested. The latest supported version of PostgreSQL is 16.
2026-08-15T09:24:45.542+03:00  INFO 32864 --- [aams] [main] o.f.core.internal.command.DbValidate     : Successfully validated 15 migrations (execution time 00:00.475s)
2026-08-15T09:24:46.691+03:00  INFO 32864 --- [aams] [main] o.f.core.internal.command.DbMigrate      : Current version of schema "public": 14
2026-08-15T09:24:46.692+03:00  WARN 32864 --- [aams] [main] o.f.core.internal.command.DbMigrate      : Schema "public" has a version (14) that is newer than the latest available migration (12) !
2026-08-15T09:24:46.787+03:00  INFO 32864 --- [aams] [main] o.f.core.internal.command.DbMigrate      : Schema "public" is up to date. No migration necessary.
2026-08-15T09:24:47.579+03:00  INFO 32864 --- [aams] [main] o.hibernate.jpa.internal.util.LogHelper  : HHH000204: Processing PersistenceUnitInfo [name: default]
2026-08-15T09:24:47.667+03:00  INFO 32864 --- [aams] [main] org.hibernate.Version                    : HHH000412: Hibernate ORM core version 6.5.2.Final
2026-08-15T09:24:47.743+03:00  INFO 32864 --- [aams] [main] o.h.c.internal.RegionFactoryInitiator    : HHH000026: Second-level cache disabled
2026-08-15T09:24:48.152+03:00  INFO 32864 --- [aams] [main] o.s.o.j.p.SpringPersistenceUnitInfo      : No LoadTimeWeaver setup: ignoring JPA class transformer
2026-08-15T09:24:48.515+03:00  WARN 32864 --- [aams] [main] org.hibernate.orm.deprecation            : HHH90000025: PostgreSQLDialect does not need to be specified explicitly using 'hibernate.dialect' (remove the property setting and it will be selected by default)
2026-08-15T09:24:50.372+03:00  INFO 32864 --- [aams] [main] o.h.e.t.j.p.i.JtaPlatformInitiator       : HHH000489: No JTA platform available (set 'hibernate.transaction.jta.platform' to enable JTA platform integration)
2026-08-15T09:24:53.875+03:00  INFO 32864 --- [aams] [main] j.LocalContainerEntityManagerFactoryBean : Initialized JPA EntityManagerFactory for persistence unit 'default'
2026-08-15T09:24:54.342+03:00 DEBUG 32864 --- [aams] [main] c.ldi.aams.auth.internal.JwtAuthFilter   : Filter 'jwtAuthFilter' configured for use
2026-08-15T09:24:54.662+03:00  INFO 32864 --- [aams] [main] eAuthenticationProviderManagerConfigurer : Global AuthenticationManager configured with AuthenticationProvider bean with name authenticationProvider
2026-08-15T09:24:54.662+03:00  WARN 32864 --- [aams] [main] r$InitializeUserDetailsManagerConfigurer : Global AuthenticationManager configured with an AuthenticationProvider bean. UserDetailsService beans will not be used for username/password login. Consider removing the AuthenticationProvider bean. Alternatively, consider using the UserDetailsService in a manually instantiated DaoAuthenticationProvider.
2026-08-15T09:24:54.837+03:00  INFO 32864 --- [aams] [main] o.s.d.j.r.query.QueryEnhancerFactory     : Hibernate is in classpath; If applicable, HQL parser will be used.
2026-08-15T09:24:55.807+03:00  WARN 32864 --- [aams] [main] JpaBaseConfiguration$JpaWebConfiguration : spring.jpa.open-in-view is enabled by default. Therefore, database queries may be performed during view rendering. Explicitly configure spring.jpa.open-in-view to disable this warning
2026-08-15T09:24:56.376+03:00  INFO 32864 --- [aams] [main] o.s.b.a.e.web.EndpointLinksResolver      : Exposing 1 endpoint beneath base path '/actuator'
2026-08-15T09:24:57.415+03:00  INFO 32864 --- [aams] [main] o.s.b.w.embedded.tomcat.TomcatWebServer  : Tomcat started on port 8082 (http) with context path '/'
2026-08-15T09:24:57.445+03:00  INFO 32864 --- [aams] [main] o.s.s.config.TaskSchedulerRouter         : No TaskScheduler/ScheduledExecutorService bean found for scheduled processing
2026-08-15T09:24:57.452+03:00  INFO 32864 --- [aams] [main] com.ldi.aams.AamsApplication             : Started AamsApplication in 20.257 seconds (process running for 20.761)
2026-08-15T09:25:22.036+03:00  INFO 32864 --- [aams] [http-nio-8082-exec-1] o.a.c.c.C.[Tomcat].[localhost].[/]       : Initializing Spring DispatcherServlet 'dispatcherServlet'
2026-08-15T09:25:22.039+03:00  INFO 32864 --- [aams] [http-nio-8082-exec-1] o.s.web.servlet.DispatcherServlet        : Initializing Servlet 'dispatcherServlet'
2026-08-15T09:25:22.047+03:00  INFO 32864 --- [aams] [http-nio-8082-exec-1] o.s.web.servlet.DispatcherServlet        : Completed initialization in 6 ms
2026-08-15T09:28:22.211+03:00  INFO 32864 --- [aams] [SpringApplicationShutdownHook] .s.m.e.c.DefaultEventPublicationRegistry : No publications outstanding!
2026-08-15T09:28:22.241+03:00  INFO 32864 --- [aams] [SpringApplicationShutdownHook] j.LocalContainerEntityManagerFactoryBean : Closing JPA EntityManagerFactory for persistence unit 'default'
2026-08-15T09:28:22.258+03:00  INFO 32864 --- [aams] [SpringApplicationShutdownHook] com.zaxxer.hikari.HikariDataSource       : HikariPool-1 - Shutdown initiated...
2026-08-15T09:28:23.345+03:00  INFO 32864 --- [aams] [SpringApplicationShutdownHook] com.zaxxer.hikari.HikariDataSource       : HikariPool-1 - Shutdown completed.
2026-08-15T09:28:45.794+03:00  INFO 13132 --- [aams] [main] com.ldi.aams.AamsApplication             : Starting AamsApplication using Java 22.0.2 with PID 13132 (C:\Users\Moham\OneDrive\Desktop\PROJECTS\Airline-Mangement\backend\target\classes started by Moham in C:\Users\Moham\OneDrive\Desktop\PROJECTS\Airline-Mangement\backend)
2026-08-15T09:28:45.799+03:00 DEBUG 13132 --- [aams] [main] com.ldi.aams.AamsApplication             : Running with Spring Boot v3.3.2, Spring v6.1.11
2026-08-15T09:28:45.801+03:00  INFO 13132 --- [aams] [main] com.ldi.aams.AamsApplication             : No active profile set, falling back to 1 default profile: "default"
2026-08-15T09:28:47.925+03:00  INFO 13132 --- [aams] [main] .s.d.r.c.RepositoryConfigurationDelegate : Bootstrapping Spring Data JPA repositories in DEFAULT mode.
2026-08-15T09:28:48.051+03:00  INFO 13132 --- [aams] [main] .s.d.r.c.RepositoryConfigurationDelegate : Finished Spring Data repository scanning in 116 ms. Found 12 JPA repository interfaces.
2026-08-15T09:28:49.036+03:00  INFO 13132 --- [aams] [main] o.s.b.w.embedded.tomcat.TomcatWebServer  : Tomcat initialized with port 8082 (http)
2026-08-15T09:28:49.051+03:00  INFO 13132 --- [aams] [main] o.apache.catalina.core.StandardService   : Starting service [Tomcat]
2026-08-15T09:28:49.051+03:00  INFO 13132 --- [aams] [main] o.apache.catalina.core.StandardEngine    : Starting Servlet engine: [Apache Tomcat/10.1.26]
2026-08-15T09:28:49.131+03:00  INFO 13132 --- [aams] [main] o.a.c.c.C.[Tomcat].[localhost].[/]       : Initializing Spring embedded WebApplicationContext
2026-08-15T09:28:49.131+03:00  INFO 13132 --- [aams] [main] w.s.c.ServletWebServerApplicationContext : Root WebApplicationContext: initialization completed in 3211 ms
2026-08-15T09:28:49.614+03:00  INFO 13132 --- [aams] [main] com.zaxxer.hikari.HikariDataSource       : HikariPool-1 - Starting...
2026-08-15T09:28:50.993+03:00  INFO 13132 --- [aams] [main] com.zaxxer.hikari.pool.HikariPool        : HikariPool-1 - Added connection org.postgresql.jdbc.PgConnection@7402c49f
2026-08-15T09:28:50.993+03:00  INFO 13132 --- [aams] [main] com.zaxxer.hikari.HikariDataSource       : HikariPool-1 - Start completed.
2026-08-15T09:28:51.205+03:00  INFO 13132 --- [aams] [main] org.flywaydb.core.FlywayExecutor         : Database: jdbc:postgresql://ep-tiny-night-b1ydnyk0.c-5.eu-central-1.aws.neon.tech/neondb (PostgreSQL 18.4)
2026-08-15T09:28:51.861+03:00  WARN 13132 --- [aams] [main] o.f.c.internal.database.base.Database    : Flyway upgrade recommended: PostgreSQL 18.4 is newer than this version of Flyway and support has not been tested. The latest supported version of PostgreSQL is 16.
2026-08-15T09:28:52.451+03:00  INFO 13132 --- [aams] [main] o.f.core.internal.command.DbValidate     : Successfully validated 15 migrations (execution time 00:00.501s)
2026-08-15T09:28:53.821+03:00  INFO 13132 --- [aams] [main] o.f.core.internal.command.DbMigrate      : Current version of schema "public": 14
2026-08-15T09:28:53.821+03:00  WARN 13132 --- [aams] [main] o.f.core.internal.command.DbMigrate      : Schema "public" has a version (14) that is newer than the latest available migration (12) !
2026-08-15T09:28:54.027+03:00  INFO 13132 --- [aams] [main] o.f.core.internal.command.DbMigrate      : Schema "public" is up to date. No migration necessary.
2026-08-15T09:28:55.098+03:00  INFO 13132 --- [aams] [main] o.hibernate.jpa.internal.util.LogHelper  : HHH000204: Processing PersistenceUnitInfo [name: default]
2026-08-15T09:28:55.186+03:00  INFO 13132 --- [aams] [main] org.hibernate.Version                    : HHH000412: Hibernate ORM core version 6.5.2.Final
2026-08-15T09:28:55.232+03:00  INFO 13132 --- [aams] [main] o.h.c.internal.RegionFactoryInitiator    : HHH000026: Second-level cache disabled
2026-08-15T09:28:55.618+03:00  INFO 13132 --- [aams] [main] o.s.o.j.p.SpringPersistenceUnitInfo      : No LoadTimeWeaver setup: ignoring JPA class transformer
2026-08-15T09:28:55.887+03:00  WARN 13132 --- [aams] [main] org.hibernate.orm.deprecation            : HHH90000025: PostgreSQLDialect does not need to be specified explicitly using 'hibernate.dialect' (remove the property setting and it will be selected by default)
2026-08-15T09:28:57.489+03:00  INFO 13132 --- [aams] [main] o.h.e.t.j.p.i.JtaPlatformInitiator       : HHH000489: No JTA platform available (set 'hibernate.transaction.jta.platform' to enable JTA platform integration)
2026-08-15T09:29:01.154+03:00  INFO 13132 --- [aams] [main] j.LocalContainerEntityManagerFactoryBean : Initialized JPA EntityManagerFactory for persistence unit 'default'
2026-08-15T09:29:01.481+03:00 DEBUG 13132 --- [aams] [main] c.ldi.aams.auth.internal.JwtAuthFilter   : Filter 'jwtAuthFilter' configured for use
2026-08-15T09:29:01.681+03:00  INFO 13132 --- [aams] [main] eAuthenticationProviderManagerConfigurer : Global AuthenticationManager configured with AuthenticationProvider bean with name authenticationProvider
2026-08-15T09:29:01.681+03:00  WARN 13132 --- [aams] [main] r$InitializeUserDetailsManagerConfigurer : Global AuthenticationManager configured with an AuthenticationProvider bean. UserDetailsService beans will not be used for username/password login. Consider removing the AuthenticationProvider bean. Alternatively, consider using the UserDetailsService in a manually instantiated DaoAuthenticationProvider.
2026-08-15T09:29:01.835+03:00  INFO 13132 --- [aams] [main] o.s.d.j.r.query.QueryEnhancerFactory     : Hibernate is in classpath; If applicable, HQL parser will be used.
2026-08-15T09:29:02.501+03:00  WARN 13132 --- [aams] [main] JpaBaseConfiguration$JpaWebConfiguration : spring.jpa.open-in-view is enabled by default. Therefore, database queries may be performed during view rendering. Explicitly configure spring.jpa.open-in-view to disable this warning
2026-08-15T09:29:02.988+03:00  INFO 13132 --- [aams] [main] o.s.b.a.e.web.EndpointLinksResolver      : Exposing 1 endpoint beneath base path '/actuator'
2026-08-15T09:29:03.663+03:00  INFO 13132 --- [aams] [main] o.s.b.w.embedded.tomcat.TomcatWebServer  : Tomcat started on port 8082 (http) with context path '/'
2026-08-15T09:29:03.672+03:00  INFO 13132 --- [aams] [main] o.s.s.config.TaskSchedulerRouter         : No TaskScheduler/ScheduledExecutorService bean found for scheduled processing
2026-08-15T09:29:03.684+03:00  INFO 13132 --- [aams] [main] com.ldi.aams.AamsApplication             : Started AamsApplication in 18.8 seconds (process running for 19.62)
2026-08-15T09:29:11.226+03:00  INFO 13132 --- [aams] [http-nio-8082-exec-1] o.a.c.c.C.[Tomcat].[localhost].[/]       : Initializing Spring DispatcherServlet 'dispatcherServlet'
2026-08-15T09:29:11.231+03:00  INFO 13132 --- [aams] [http-nio-8082-exec-1] o.s.web.servlet.DispatcherServlet        : Initializing Servlet 'dispatcherServlet'
2026-08-15T09:29:11.238+03:00  INFO 13132 --- [aams] [http-nio-8082-exec-1] o.s.web.servlet.DispatcherServlet        : Completed initialization in 5 ms
2026-08-15T09:36:22.716+03:00  INFO 12204 --- [aams] [main] com.ldi.aams.AamsApplication             : Starting AamsApplication using Java 22.0.2 with PID 12204 (C:\Users\Moham\OneDrive\Desktop\PROJECTS\Airline-Mangement\backend\target\classes started by Moham in C:\Users\Moham\OneDrive\Desktop\PROJECTS\Airline-Mangement\backend)
2026-08-15T09:36:22.721+03:00 DEBUG 12204 --- [aams] [main] com.ldi.aams.AamsApplication             : Running with Spring Boot v3.3.2, Spring v6.1.11
2026-08-15T09:36:22.722+03:00  INFO 12204 --- [aams] [main] com.ldi.aams.AamsApplication             : No active profile set, falling back to 1 default profile: "default"
2026-08-15T09:36:24.098+03:00  INFO 12204 --- [aams] [main] .s.d.r.c.RepositoryConfigurationDelegate : Bootstrapping Spring Data JPA repositories in DEFAULT mode.
2026-08-15T09:36:24.254+03:00  INFO 12204 --- [aams] [main] .s.d.r.c.RepositoryConfigurationDelegate : Finished Spring Data repository scanning in 137 ms. Found 12 JPA repository interfaces.
2026-08-15T09:36:25.169+03:00  INFO 12204 --- [aams] [main] o.s.b.w.embedded.tomcat.TomcatWebServer  : Tomcat initialized with port 8082 (http)
2026-08-15T09:36:25.186+03:00  INFO 12204 --- [aams] [main] o.apache.catalina.core.StandardService   : Starting service [Tomcat]
2026-08-15T09:36:25.186+03:00  INFO 12204 --- [aams] [main] o.apache.catalina.core.StandardEngine    : Starting Servlet engine: [Apache Tomcat/10.1.26]
2026-08-15T09:36:25.259+03:00  INFO 12204 --- [aams] [main] o.a.c.c.C.[Tomcat].[localhost].[/]       : Initializing Spring embedded WebApplicationContext
2026-08-15T09:36:25.260+03:00  INFO 12204 --- [aams] [main] w.s.c.ServletWebServerApplicationContext : Root WebApplicationContext: initialization completed in 2473 ms
2026-08-15T09:36:25.664+03:00  INFO 12204 --- [aams] [main] com.zaxxer.hikari.HikariDataSource       : HikariPool-1 - Starting...
2026-08-15T09:36:27.686+03:00  INFO 12204 --- [aams] [main] com.zaxxer.hikari.pool.HikariPool        : HikariPool-1 - Added connection org.postgresql.jdbc.PgConnection@a1cb94
2026-08-15T09:36:27.688+03:00  INFO 12204 --- [aams] [main] com.zaxxer.hikari.HikariDataSource       : HikariPool-1 - Start completed.
2026-08-15T09:36:28.142+03:00  INFO 12204 --- [aams] [main] org.flywaydb.core.FlywayExecutor         : Database: jdbc:postgresql://ep-tiny-night-b1ydnyk0.c-5.eu-central-1.aws.neon.tech/neondb (PostgreSQL 18.4)
2026-08-15T09:36:28.959+03:00  WARN 12204 --- [aams] [main] o.f.c.internal.database.base.Database    : Flyway upgrade recommended: PostgreSQL 18.4 is newer than this version of Flyway and support has not been tested. The latest supported version of PostgreSQL is 16.
2026-08-15T09:36:29.955+03:00  INFO 12204 --- [aams] [main] o.f.core.internal.command.DbValidate     : Successfully validated 15 migrations (execution time 00:00.629s)
2026-08-15T09:36:31.344+03:00  INFO 12204 --- [aams] [main] o.f.core.internal.command.DbMigrate      : Current version of schema "public": 14
2026-08-15T09:36:31.345+03:00  WARN 12204 --- [aams] [main] o.f.core.internal.command.DbMigrate      : Schema "public" has a version (14) that is newer than the latest available migration (12) !
2026-08-15T09:36:31.459+03:00  INFO 12204 --- [aams] [main] o.f.core.internal.command.DbMigrate      : Schema "public" is up to date. No migration necessary.
2026-08-15T09:36:32.079+03:00  INFO 12204 --- [aams] [main] o.hibernate.jpa.internal.util.LogHelper  : HHH000204: Processing PersistenceUnitInfo [name: default]
2026-08-15T09:36:32.159+03:00  INFO 12204 --- [aams] [main] org.hibernate.Version                    : HHH000412: Hibernate ORM core version 6.5.2.Final
2026-08-15T09:36:32.201+03:00  INFO 12204 --- [aams] [main] o.h.c.internal.RegionFactoryInitiator    : HHH000026: Second-level cache disabled
2026-08-15T09:36:32.483+03:00  INFO 12204 --- [aams] [main] o.s.o.j.p.SpringPersistenceUnitInfo      : No LoadTimeWeaver setup: ignoring JPA class transformer
2026-08-15T09:36:32.853+03:00  WARN 12204 --- [aams] [main] org.hibernate.orm.deprecation            : HHH90000025: PostgreSQLDialect does not need to be specified explicitly using 'hibernate.dialect' (remove the property setting and it will be selected by default)
2026-08-15T09:36:34.179+03:00  INFO 12204 --- [aams] [main] o.h.e.t.j.p.i.JtaPlatformInitiator       : HHH000489: No JTA platform available (set 'hibernate.transaction.jta.platform' to enable JTA platform integration)
2026-08-15T09:36:38.380+03:00  INFO 12204 --- [aams] [main] j.LocalContainerEntityManagerFactoryBean : Initialized JPA EntityManagerFactory for persistence unit 'default'
2026-08-15T09:36:38.709+03:00 DEBUG 12204 --- [aams] [main] c.ldi.aams.auth.internal.JwtAuthFilter   : Filter 'jwtAuthFilter' configured for use
2026-08-15T09:36:38.919+03:00  INFO 12204 --- [aams] [main] eAuthenticationProviderManagerConfigurer : Global AuthenticationManager configured with AuthenticationProvider bean with name authenticationProvider
2026-08-15T09:36:38.925+03:00  WARN 12204 --- [aams] [main] r$InitializeUserDetailsManagerConfigurer : Global AuthenticationManager configured with an AuthenticationProvider bean. UserDetailsService beans will not be used for username/password login. Consider removing the AuthenticationProvider bean. Alternatively, consider using the UserDetailsService in a manually instantiated DaoAuthenticationProvider.
2026-08-15T09:36:39.030+03:00  INFO 12204 --- [aams] [main] o.s.d.j.r.query.QueryEnhancerFactory     : Hibernate is in classpath; If applicable, HQL parser will be used.
2026-08-15T09:36:39.572+03:00  WARN 12204 --- [aams] [main] JpaBaseConfiguration$JpaWebConfiguration : spring.jpa.open-in-view is enabled by default. Therefore, database queries may be performed during view rendering. Explicitly configure spring.jpa.open-in-view to disable this warning
2026-08-15T09:36:40.001+03:00  INFO 12204 --- [aams] [main] o.s.b.a.e.web.EndpointLinksResolver      : Exposing 1 endpoint beneath base path '/actuator'
2026-08-15T09:36:40.691+03:00  WARN 12204 --- [aams] [main] ConfigServletWebServerApplicationContext : Exception encountered during context initialization - cancelling refresh attempt: org.springframework.context.ApplicationContextException: Failed to start bean 'webServerStartStop'
2026-08-15T09:36:41.089+03:00  INFO 12204 --- [aams] [main] .s.m.e.c.DefaultEventPublicationRegistry : No publications outstanding!
2026-08-15T09:36:41.099+03:00  INFO 12204 --- [aams] [main] j.LocalContainerEntityManagerFactoryBean : Closing JPA EntityManagerFactory for persistence unit 'default'
2026-08-15T09:36:41.104+03:00  INFO 12204 --- [aams] [main] com.zaxxer.hikari.HikariDataSource       : HikariPool-1 - Shutdown initiated...
2026-08-15T09:36:42.239+03:00  INFO 12204 --- [aams] [main] com.zaxxer.hikari.HikariDataSource       : HikariPool-1 - Shutdown completed.
2026-08-15T09:36:42.259+03:00  INFO 12204 --- [aams] [main] .s.b.a.l.ConditionEvaluationReportLogger : 

Error starting ApplicationContext. To display the condition evaluation report re-run your application with 'debug' enabled.
2026-08-15T09:36:42.281+03:00 ERROR 12204 --- [aams] [main] o.s.b.d.LoggingFailureAnalysisReporter   : 

***************************
APPLICATION FAILED TO START
***************************

Description:

Web server failed to start. Port 8082 was already in use.

Action:

Identify and stop the process that's listening on port 8082 or configure this application to listen on another port.

2026-08-15T09:37:07.601+03:00  INFO 27552 --- [aams] [main] com.ldi.aams.AamsApplication             : Starting AamsApplication using Java 22.0.2 with PID 27552 (C:\Users\Moham\OneDrive\Desktop\PROJECTS\Airline-Mangement\backend\target\classes started by Moham in C:\Users\Moham\OneDrive\Desktop\PROJECTS\Airline-Mangement\backend)
2026-08-15T09:37:07.607+03:00 DEBUG 27552 --- [aams] [main] com.ldi.aams.AamsApplication             : Running with Spring Boot v3.3.2, Spring v6.1.11
2026-08-15T09:37:07.609+03:00  INFO 27552 --- [aams] [main] com.ldi.aams.AamsApplication             : No active profile set, falling back to 1 default profile: "default"
2026-08-15T09:37:09.169+03:00  INFO 27552 --- [aams] [main] .s.d.r.c.RepositoryConfigurationDelegate : Bootstrapping Spring Data JPA repositories in DEFAULT mode.
2026-08-15T09:37:09.323+03:00  INFO 27552 --- [aams] [main] .s.d.r.c.RepositoryConfigurationDelegate : Finished Spring Data repository scanning in 147 ms. Found 12 JPA repository interfaces.
2026-08-15T09:37:10.861+03:00  INFO 27552 --- [aams] [main] o.s.b.w.embedded.tomcat.TomcatWebServer  : Tomcat initialized with port 8082 (http)
2026-08-15T09:37:10.899+03:00  INFO 27552 --- [aams] [main] o.apache.catalina.core.StandardService   : Starting service [Tomcat]
2026-08-15T09:37:10.900+03:00  INFO 27552 --- [aams] [main] o.apache.catalina.core.StandardEngine    : Starting Servlet engine: [Apache Tomcat/10.1.26]
2026-08-15T09:37:11.171+03:00  INFO 27552 --- [aams] [main] o.a.c.c.C.[Tomcat].[localhost].[/]       : Initializing Spring embedded WebApplicationContext
2026-08-15T09:37:11.172+03:00  INFO 27552 --- [aams] [main] w.s.c.ServletWebServerApplicationContext : Root WebApplicationContext: initialization completed in 3502 ms
2026-08-15T09:37:12.036+03:00  INFO 27552 --- [aams] [main] com.zaxxer.hikari.HikariDataSource       : HikariPool-1 - Starting...
2026-08-15T09:37:14.825+03:00  INFO 27552 --- [aams] [main] com.zaxxer.hikari.pool.HikariPool        : HikariPool-1 - Added connection org.postgresql.jdbc.PgConnection@690ed13a
2026-08-15T09:37:14.832+03:00  INFO 27552 --- [aams] [main] com.zaxxer.hikari.HikariDataSource       : HikariPool-1 - Start completed.
2026-08-15T09:37:15.072+03:00  INFO 27552 --- [aams] [main] org.flywaydb.core.FlywayExecutor         : Database: jdbc:postgresql://ep-tiny-night-b1ydnyk0.c-5.eu-central-1.aws.neon.tech/neondb (PostgreSQL 18.4)
2026-08-15T09:37:15.745+03:00  WARN 27552 --- [aams] [main] o.f.c.internal.database.base.Database    : Flyway upgrade recommended: PostgreSQL 18.4 is newer than this version of Flyway and support has not been tested. The latest supported version of PostgreSQL is 16.
2026-08-15T09:37:16.485+03:00  INFO 27552 --- [aams] [main] o.f.core.internal.command.DbValidate     : Successfully validated 15 migrations (execution time 00:00.640s)
2026-08-15T09:37:17.694+03:00  INFO 27552 --- [aams] [main] o.f.core.internal.command.DbMigrate      : Current version of schema "public": 14
2026-08-15T09:37:17.696+03:00  WARN 27552 --- [aams] [main] o.f.core.internal.command.DbMigrate      : Schema "public" has a version (14) that is newer than the latest available migration (12) !
2026-08-15T09:37:18.086+03:00  INFO 27552 --- [aams] [main] o.f.core.internal.command.DbMigrate      : Schema "public" is up to date. No migration necessary.
2026-08-15T09:37:19.198+03:00  INFO 27552 --- [aams] [main] o.hibernate.jpa.internal.util.LogHelper  : HHH000204: Processing PersistenceUnitInfo [name: default]
2026-08-15T09:37:19.284+03:00  INFO 27552 --- [aams] [main] org.hibernate.Version                    : HHH000412: Hibernate ORM core version 6.5.2.Final
2026-08-15T09:37:19.347+03:00  INFO 27552 --- [aams] [main] o.h.c.internal.RegionFactoryInitiator    : HHH000026: Second-level cache disabled
2026-08-15T09:37:19.699+03:00  INFO 27552 --- [aams] [main] o.s.o.j.p.SpringPersistenceUnitInfo      : No LoadTimeWeaver setup: ignoring JPA class transformer
2026-08-15T09:37:20.099+03:00  WARN 27552 --- [aams] [main] org.hibernate.orm.deprecation            : HHH90000025: PostgreSQLDialect does not need to be specified explicitly using 'hibernate.dialect' (remove the property setting and it will be selected by default)
2026-08-15T09:37:22.338+03:00  INFO 27552 --- [aams] [main] o.h.e.t.j.p.i.JtaPlatformInitiator       : HHH000489: No JTA platform available (set 'hibernate.transaction.jta.platform' to enable JTA platform integration)
2026-08-15T09:37:26.806+03:00  INFO 27552 --- [aams] [main] j.LocalContainerEntityManagerFactoryBean : Initialized JPA EntityManagerFactory for persistence unit 'default'
2026-08-15T09:37:27.181+03:00 DEBUG 27552 --- [aams] [main] c.ldi.aams.auth.internal.JwtAuthFilter   : Filter 'jwtAuthFilter' configured for use
2026-08-15T09:37:27.418+03:00  INFO 27552 --- [aams] [main] eAuthenticationProviderManagerConfigurer : Global AuthenticationManager configured with AuthenticationProvider bean with name authenticationProvider
2026-08-15T09:37:27.427+03:00  WARN 27552 --- [aams] [main] r$InitializeUserDetailsManagerConfigurer : Global AuthenticationManager configured with an AuthenticationProvider bean. UserDetailsService beans will not be used for username/password login. Consider removing the AuthenticationProvider bean. Alternatively, consider using the UserDetailsService in a manually instantiated DaoAuthenticationProvider.
2026-08-15T09:37:27.528+03:00  INFO 27552 --- [aams] [main] o.s.d.j.r.query.QueryEnhancerFactory     : Hibernate is in classpath; If applicable, HQL parser will be used.
2026-08-15T09:37:28.268+03:00  WARN 27552 --- [aams] [main] JpaBaseConfiguration$JpaWebConfiguration : spring.jpa.open-in-view is enabled by default. Therefore, database queries may be performed during view rendering. Explicitly configure spring.jpa.open-in-view to disable this warning
2026-08-15T09:37:28.688+03:00  INFO 27552 --- [aams] [main] o.s.b.a.e.web.EndpointLinksResolver      : Exposing 1 endpoint beneath base path '/actuator'
2026-08-15T09:37:29.480+03:00  INFO 27552 --- [aams] [main] o.s.b.w.embedded.tomcat.TomcatWebServer  : Tomcat started on port 8082 (http) with context path '/'
2026-08-15T09:37:29.498+03:00  INFO 27552 --- [aams] [main] o.s.s.config.TaskSchedulerRouter         : No TaskScheduler/ScheduledExecutorService bean found for scheduled processing
2026-08-15T09:37:29.506+03:00  INFO 27552 --- [aams] [main] com.ldi.aams.AamsApplication             : Started AamsApplication in 22.657 seconds (process running for 23.166)
2026-08-15T09:37:40.721+03:00  INFO 27552 --- [aams] [http-nio-8082-exec-1] o.a.c.c.C.[Tomcat].[localhost].[/]       : Initializing Spring DispatcherServlet 'dispatcherServlet'
2026-08-15T09:37:40.721+03:00  INFO 27552 --- [aams] [http-nio-8082-exec-1] o.s.web.servlet.DispatcherServlet        : Initializing Servlet 'dispatcherServlet'
2026-08-15T09:37:40.730+03:00  INFO 27552 --- [aams] [http-nio-8082-exec-1] o.s.web.servlet.DispatcherServlet        : Completed initialization in 9 ms
2026-08-15T09:38:45.543+03:00  INFO 30660 --- [aams] [main] com.ldi.aams.AamsApplication             : Starting AamsApplication using Java 22.0.2 with PID 30660 (C:\Users\Moham\OneDrive\Desktop\PROJECTS\Airline-Mangement\backend\target\classes started by Moham in C:\Users\Moham\OneDrive\Desktop\PROJECTS\Airline-Mangement\backend)
2026-08-15T09:38:45.544+03:00 DEBUG 30660 --- [aams] [main] com.ldi.aams.AamsApplication             : Running with Spring Boot v3.3.2, Spring v6.1.11
2026-08-15T09:38:45.545+03:00  INFO 30660 --- [aams] [main] com.ldi.aams.AamsApplication             : No active profile set, falling back to 1 default profile: "default"
2026-08-15T09:38:46.748+03:00  INFO 30660 --- [aams] [main] .s.d.r.c.RepositoryConfigurationDelegate : Bootstrapping Spring Data JPA repositories in DEFAULT mode.
2026-08-15T09:38:46.868+03:00  INFO 30660 --- [aams] [main] .s.d.r.c.RepositoryConfigurationDelegate : Finished Spring Data repository scanning in 112 ms. Found 12 JPA repository interfaces.
2026-08-15T09:38:47.588+03:00  INFO 30660 --- [aams] [main] o.s.b.w.embedded.tomcat.TomcatWebServer  : Tomcat initialized with port 8082 (http)
2026-08-15T09:38:47.602+03:00  INFO 30660 --- [aams] [main] o.apache.catalina.core.StandardService   : Starting service [Tomcat]
2026-08-15T09:38:47.602+03:00  INFO 30660 --- [aams] [main] o.apache.catalina.core.StandardEngine    : Starting Servlet engine: [Apache Tomcat/10.1.26]
2026-08-15T09:38:47.690+03:00  INFO 30660 --- [aams] [main] o.a.c.c.C.[Tomcat].[localhost].[/]       : Initializing Spring embedded WebApplicationContext
2026-08-15T09:38:47.690+03:00  INFO 30660 --- [aams] [main] w.s.c.ServletWebServerApplicationContext : Root WebApplicationContext: initialization completed in 2098 ms
2026-08-15T09:38:48.056+03:00  INFO 30660 --- [aams] [main] com.zaxxer.hikari.HikariDataSource       : HikariPool-1 - Starting...
2026-08-15T09:38:49.763+03:00  INFO 30660 --- [aams] [main] com.zaxxer.hikari.pool.HikariPool        : HikariPool-1 - Added connection org.postgresql.jdbc.PgConnection@50fd739d
2026-08-15T09:38:49.768+03:00  INFO 30660 --- [aams] [main] com.zaxxer.hikari.HikariDataSource       : HikariPool-1 - Start completed.
2026-08-15T09:38:50.063+03:00  INFO 30660 --- [aams] [main] org.flywaydb.core.FlywayExecutor         : Database: jdbc:postgresql://ep-tiny-night-b1ydnyk0.c-5.eu-central-1.aws.neon.tech/neondb (PostgreSQL 18.4)
2026-08-15T09:38:50.783+03:00  WARN 30660 --- [aams] [main] o.f.c.internal.database.base.Database    : Flyway upgrade recommended: PostgreSQL 18.4 is newer than this version of Flyway and support has not been tested. The latest supported version of PostgreSQL is 16.
2026-08-15T09:38:51.711+03:00  INFO 30660 --- [aams] [main] o.f.core.internal.command.DbValidate     : Successfully validated 15 migrations (execution time 00:00.778s)
2026-08-15T09:38:52.918+03:00  INFO 30660 --- [aams] [main] o.f.core.internal.command.DbMigrate      : Current version of schema "public": 14
2026-08-15T09:38:52.918+03:00  WARN 30660 --- [aams] [main] o.f.core.internal.command.DbMigrate      : Schema "public" has a version (14) that is newer than the latest available migration (12) !
2026-08-15T09:38:53.014+03:00  INFO 30660 --- [aams] [main] o.f.core.internal.command.DbMigrate      : Schema "public" is up to date. No migration necessary.
2026-08-15T09:38:53.663+03:00  INFO 30660 --- [aams] [main] o.hibernate.jpa.internal.util.LogHelper  : HHH000204: Processing PersistenceUnitInfo [name: default]
2026-08-15T09:38:53.738+03:00  INFO 30660 --- [aams] [main] org.hibernate.Version                    : HHH000412: Hibernate ORM core version 6.5.2.Final
2026-08-15T09:38:53.785+03:00  INFO 30660 --- [aams] [main] o.h.c.internal.RegionFactoryInitiator    : HHH000026: Second-level cache disabled
2026-08-15T09:38:54.118+03:00  INFO 30660 --- [aams] [main] o.s.o.j.p.SpringPersistenceUnitInfo      : No LoadTimeWeaver setup: ignoring JPA class transformer
2026-08-15T09:38:54.384+03:00  WARN 30660 --- [aams] [main] org.hibernate.orm.deprecation            : HHH90000025: PostgreSQLDialect does not need to be specified explicitly using 'hibernate.dialect' (remove the property setting and it will be selected by default)
2026-08-15T09:38:55.748+03:00  INFO 30660 --- [aams] [main] o.h.e.t.j.p.i.JtaPlatformInitiator       : HHH000489: No JTA platform available (set 'hibernate.transaction.jta.platform' to enable JTA platform integration)
2026-08-15T09:39:00.318+03:00  INFO 30660 --- [aams] [main] j.LocalContainerEntityManagerFactoryBean : Initialized JPA EntityManagerFactory for persistence unit 'default'
2026-08-15T09:39:00.643+03:00 DEBUG 30660 --- [aams] [main] c.ldi.aams.auth.internal.JwtAuthFilter   : Filter 'jwtAuthFilter' configured for use
2026-08-15T09:39:00.811+03:00  INFO 30660 --- [aams] [main] eAuthenticationProviderManagerConfigurer : Global AuthenticationManager configured with AuthenticationProvider bean with name authenticationProvider
2026-08-15T09:39:00.811+03:00  WARN 30660 --- [aams] [main] r$InitializeUserDetailsManagerConfigurer : Global AuthenticationManager configured with an AuthenticationProvider bean. UserDetailsService beans will not be used for username/password login. Consider removing the AuthenticationProvider bean. Alternatively, consider using the UserDetailsService in a manually instantiated DaoAuthenticationProvider.
2026-08-15T09:39:00.923+03:00  INFO 30660 --- [aams] [main] o.s.d.j.r.query.QueryEnhancerFactory     : Hibernate is in classpath; If applicable, HQL parser will be used.
2026-08-15T09:39:01.475+03:00  WARN 30660 --- [aams] [main] JpaBaseConfiguration$JpaWebConfiguration : spring.jpa.open-in-view is enabled by default. Therefore, database queries may be performed during view rendering. Explicitly configure spring.jpa.open-in-view to disable this warning
2026-08-15T09:39:01.843+03:00  INFO 30660 --- [aams] [main] o.s.b.a.e.web.EndpointLinksResolver      : Exposing 1 endpoint beneath base path '/actuator'
2026-08-15T09:39:02.538+03:00  WARN 30660 --- [aams] [main] ConfigServletWebServerApplicationContext : Exception encountered during context initialization - cancelling refresh attempt: org.springframework.context.ApplicationContextException: Failed to start bean 'webServerStartStop'
2026-08-15T09:39:02.978+03:00  INFO 30660 --- [aams] [main] .s.m.e.c.DefaultEventPublicationRegistry : No publications outstanding!
2026-08-15T09:39:02.978+03:00  INFO 30660 --- [aams] [main] j.LocalContainerEntityManagerFactoryBean : Closing JPA EntityManagerFactory for persistence unit 'default'
2026-08-15T09:39:02.982+03:00  INFO 30660 --- [aams] [main] com.zaxxer.hikari.HikariDataSource       : HikariPool-1 - Shutdown initiated...
2026-08-15T09:39:04.650+03:00  INFO 30660 --- [aams] [main] com.zaxxer.hikari.HikariDataSource       : HikariPool-1 - Shutdown completed.
2026-08-15T09:39:04.664+03:00  INFO 30660 --- [aams] [main] .s.b.a.l.ConditionEvaluationReportLogger : 

Error starting ApplicationContext. To display the condition evaluation report re-run your application with 'debug' enabled.
2026-08-15T09:39:04.681+03:00 ERROR 30660 --- [aams] [main] o.s.b.d.LoggingFailureAnalysisReporter   : 

***************************
APPLICATION FAILED TO START
***************************

Description:

Web server failed to start. Port 8082 was already in use.

Action:

Identify and stop the process that's listening on port 8082 or configure this application to listen on another port.

2026-08-15T09:39:38.732+03:00  INFO 7624 --- [aams] [main] com.ldi.aams.AamsApplication             : Starting AamsApplication using Java 22.0.2 with PID 7624 (C:\Users\Moham\OneDrive\Desktop\PROJECTS\Airline-Mangement\backend\target\classes started by Moham in C:\Users\Moham\OneDrive\Desktop\PROJECTS\Airline-Mangement\backend)
2026-08-15T09:39:38.734+03:00 DEBUG 7624 --- [aams] [main] com.ldi.aams.AamsApplication             : Running with Spring Boot v3.3.2, Spring v6.1.11
2026-08-15T09:39:38.735+03:00  INFO 7624 --- [aams] [main] com.ldi.aams.AamsApplication             : No active profile set, falling back to 1 default profile: "default"
2026-08-15T09:39:39.892+03:00  INFO 7624 --- [aams] [main] .s.d.r.c.RepositoryConfigurationDelegate : Bootstrapping Spring Data JPA repositories in DEFAULT mode.
2026-08-15T09:39:39.988+03:00  INFO 7624 --- [aams] [main] .s.d.r.c.RepositoryConfigurationDelegate : Finished Spring Data repository scanning in 92 ms. Found 12 JPA repository interfaces.
2026-08-15T09:39:41.085+03:00  INFO 7624 --- [aams] [main] o.s.b.w.embedded.tomcat.TomcatWebServer  : Tomcat initialized with port 8082 (http)
2026-08-15T09:39:41.110+03:00  INFO 7624 --- [aams] [main] o.apache.catalina.core.StandardService   : Starting service [Tomcat]
2026-08-15T09:39:41.111+03:00  INFO 7624 --- [aams] [main] o.apache.catalina.core.StandardEngine    : Starting Servlet engine: [Apache Tomcat/10.1.26]
2026-08-15T09:39:41.238+03:00  INFO 7624 --- [aams] [main] o.a.c.c.C.[Tomcat].[localhost].[/]       : Initializing Spring embedded WebApplicationContext
2026-08-15T09:39:41.240+03:00  INFO 7624 --- [aams] [main] w.s.c.ServletWebServerApplicationContext : Root WebApplicationContext: initialization completed in 2449 ms
2026-08-15T09:39:41.790+03:00  INFO 7624 --- [aams] [main] com.zaxxer.hikari.HikariDataSource       : HikariPool-1 - Starting...
2026-08-15T09:39:43.139+03:00  INFO 7624 --- [aams] [main] com.zaxxer.hikari.pool.HikariPool        : HikariPool-1 - Added connection org.postgresql.jdbc.PgConnection@50fd739d
2026-08-15T09:39:43.141+03:00  INFO 7624 --- [aams] [main] com.zaxxer.hikari.HikariDataSource       : HikariPool-1 - Start completed.
2026-08-15T09:39:43.347+03:00  INFO 7624 --- [aams] [main] org.flywaydb.core.FlywayExecutor         : Database: jdbc:postgresql://ep-tiny-night-b1ydnyk0.c-5.eu-central-1.aws.neon.tech/neondb (PostgreSQL 18.4)
2026-08-15T09:39:44.539+03:00  WARN 7624 --- [aams] [main] o.f.c.internal.database.base.Database    : Flyway upgrade recommended: PostgreSQL 18.4 is newer than this version of Flyway and support has not been tested. The latest supported version of PostgreSQL is 16.
2026-08-15T09:39:45.248+03:00  INFO 7624 --- [aams] [main] o.f.core.internal.command.DbValidate     : Successfully validated 15 migrations (execution time 00:00.605s)
2026-08-15T09:39:46.837+03:00  INFO 7624 --- [aams] [main] o.f.core.internal.command.DbMigrate      : Current version of schema "public": 14
2026-08-15T09:39:46.838+03:00  WARN 7624 --- [aams] [main] o.f.core.internal.command.DbMigrate      : Schema "public" has a version (14) that is newer than the latest available migration (12) !
2026-08-15T09:39:46.977+03:00  INFO 7624 --- [aams] [main] o.f.core.internal.command.DbMigrate      : Schema "public" is up to date. No migration necessary.
2026-08-15T09:39:47.678+03:00  INFO 7624 --- [aams] [main] o.hibernate.jpa.internal.util.LogHelper  : HHH000204: Processing PersistenceUnitInfo [name: default]
2026-08-15T09:39:47.767+03:00  INFO 7624 --- [aams] [main] org.hibernate.Version                    : HHH000412: Hibernate ORM core version 6.5.2.Final
2026-08-15T09:39:47.835+03:00  INFO 7624 --- [aams] [main] o.h.c.internal.RegionFactoryInitiator    : HHH000026: Second-level cache disabled
2026-08-15T09:39:48.220+03:00  INFO 7624 --- [aams] [main] o.s.o.j.p.SpringPersistenceUnitInfo      : No LoadTimeWeaver setup: ignoring JPA class transformer
2026-08-15T09:39:48.498+03:00  WARN 7624 --- [aams] [main] org.hibernate.orm.deprecation            : HHH90000025: PostgreSQLDialect does not need to be specified explicitly using 'hibernate.dialect' (remove the property setting and it will be selected by default)
2026-08-15T09:39:49.952+03:00  INFO 7624 --- [aams] [main] o.h.e.t.j.p.i.JtaPlatformInitiator       : HHH000489: No JTA platform available (set 'hibernate.transaction.jta.platform' to enable JTA platform integration)
2026-08-15T09:39:54.010+03:00  INFO 7624 --- [aams] [main] j.LocalContainerEntityManagerFactoryBean : Initialized JPA EntityManagerFactory for persistence unit 'default'
2026-08-15T09:39:54.342+03:00 DEBUG 7624 --- [aams] [main] c.ldi.aams.auth.internal.JwtAuthFilter   : Filter 'jwtAuthFilter' configured for use
2026-08-15T09:39:54.588+03:00  INFO 7624 --- [aams] [main] eAuthenticationProviderManagerConfigurer : Global AuthenticationManager configured with AuthenticationProvider bean with name authenticationProvider
2026-08-15T09:39:54.594+03:00  WARN 7624 --- [aams] [main] r$InitializeUserDetailsManagerConfigurer : Global AuthenticationManager configured with an AuthenticationProvider bean. UserDetailsService beans will not be used for username/password login. Consider removing the AuthenticationProvider bean. Alternatively, consider using the UserDetailsService in a manually instantiated DaoAuthenticationProvider.
2026-08-15T09:39:54.738+03:00  INFO 7624 --- [aams] [main] o.s.d.j.r.query.QueryEnhancerFactory     : Hibernate is in classpath; If applicable, HQL parser will be used.
2026-08-15T09:39:55.418+03:00  WARN 7624 --- [aams] [main] JpaBaseConfiguration$JpaWebConfiguration : spring.jpa.open-in-view is enabled by default. Therefore, database queries may be performed during view rendering. Explicitly configure spring.jpa.open-in-view to disable this warning
2026-08-15T09:39:55.778+03:00  INFO 7624 --- [aams] [main] o.s.b.a.e.web.EndpointLinksResolver      : Exposing 1 endpoint beneath base path '/actuator'
2026-08-15T09:39:56.308+03:00  INFO 7624 --- [aams] [main] o.s.b.w.embedded.tomcat.TomcatWebServer  : Tomcat started on port 8082 (http) with context path '/'
2026-08-15T09:39:56.321+03:00  INFO 7624 --- [aams] [main] o.s.s.config.TaskSchedulerRouter         : No TaskScheduler/ScheduledExecutorService bean found for scheduled processing
2026-08-15T09:39:56.331+03:00  INFO 7624 --- [aams] [main] com.ldi.aams.AamsApplication             : Started AamsApplication in 18.183 seconds (process running for 18.615)
2026-08-15T09:40:12.800+03:00  INFO 7624 --- [aams] [http-nio-8082-exec-1] o.a.c.c.C.[Tomcat].[localhost].[/]       : Initializing Spring DispatcherServlet 'dispatcherServlet'
2026-08-15T09:40:12.801+03:00  INFO 7624 --- [aams] [http-nio-8082-exec-1] o.s.web.servlet.DispatcherServlet        : Initializing Servlet 'dispatcherServlet'
2026-08-15T09:40:12.804+03:00  INFO 7624 --- [aams] [http-nio-8082-exec-1] o.s.web.servlet.DispatcherServlet        : Completed initialization in 3 ms
2026-08-15T09:43:12.644+03:00  INFO 23996 --- [aams] [main] com.ldi.aams.AamsApplication             : Starting AamsApplication using Java 22.0.2 with PID 23996 (C:\Users\Moham\OneDrive\Desktop\PROJECTS\Airline-Mangement\backend\target\classes started by Moham in C:\Users\Moham\OneDrive\Desktop\PROJECTS\Airline-Mangement\backend)
2026-08-15T09:43:12.646+03:00 DEBUG 23996 --- [aams] [main] com.ldi.aams.AamsApplication             : Running with Spring Boot v3.3.2, Spring v6.1.11
2026-08-15T09:43:12.648+03:00  INFO 23996 --- [aams] [main] com.ldi.aams.AamsApplication             : No active profile set, falling back to 1 default profile: "default"
2026-08-15T09:43:14.237+03:00  INFO 23996 --- [aams] [main] .s.d.r.c.RepositoryConfigurationDelegate : Bootstrapping Spring Data JPA repositories in DEFAULT mode.
2026-08-15T09:43:14.513+03:00  INFO 23996 --- [aams] [main] .s.d.r.c.RepositoryConfigurationDelegate : Finished Spring Data repository scanning in 238 ms. Found 12 JPA repository interfaces.
2026-08-15T09:43:16.750+03:00  INFO 23996 --- [aams] [main] o.s.b.w.embedded.tomcat.TomcatWebServer  : Tomcat initialized with port 8082 (http)
2026-08-15T09:43:16.795+03:00  INFO 23996 --- [aams] [main] o.apache.catalina.core.StandardService   : Starting service [Tomcat]
2026-08-15T09:43:16.796+03:00  INFO 23996 --- [aams] [main] o.apache.catalina.core.StandardEngine    : Starting Servlet engine: [Apache Tomcat/10.1.26]
2026-08-15T09:43:16.997+03:00  INFO 23996 --- [aams] [main] o.a.c.c.C.[Tomcat].[localhost].[/]       : Initializing Spring embedded WebApplicationContext
2026-08-15T09:43:16.997+03:00  INFO 23996 --- [aams] [main] w.s.c.ServletWebServerApplicationContext : Root WebApplicationContext: initialization completed in 4270 ms
2026-08-15T09:43:17.749+03:00  INFO 23996 --- [aams] [main] com.zaxxer.hikari.HikariDataSource       : HikariPool-1 - Starting...
2026-08-15T09:43:19.978+03:00  INFO 23996 --- [aams] [main] com.zaxxer.hikari.pool.HikariPool        : HikariPool-1 - Added connection org.postgresql.jdbc.PgConnection@28b5d5dc
2026-08-15T09:43:19.983+03:00  INFO 23996 --- [aams] [main] com.zaxxer.hikari.HikariDataSource       : HikariPool-1 - Start completed.
2026-08-15T09:43:20.212+03:00  INFO 23996 --- [aams] [main] org.flywaydb.core.FlywayExecutor         : Database: jdbc:postgresql://ep-tiny-night-b1ydnyk0.c-5.eu-central-1.aws.neon.tech/neondb (PostgreSQL 18.4)
2026-08-15T09:43:20.848+03:00  WARN 23996 --- [aams] [main] o.f.c.internal.database.base.Database    : Flyway upgrade recommended: PostgreSQL 18.4 is newer than this version of Flyway and support has not been tested. The latest supported version of PostgreSQL is 16.
2026-08-15T09:43:21.367+03:00  INFO 23996 --- [aams] [main] o.f.core.internal.command.DbValidate     : Successfully validated 15 migrations (execution time 00:00.420s)
2026-08-15T09:43:22.517+03:00  INFO 23996 --- [aams] [main] o.f.core.internal.command.DbMigrate      : Current version of schema "public": 14
2026-08-15T09:43:22.517+03:00  WARN 23996 --- [aams] [main] o.f.core.internal.command.DbMigrate      : Schema "public" has a version (14) that is newer than the latest available migration (12) !
2026-08-15T09:43:22.634+03:00  INFO 23996 --- [aams] [main] o.f.core.internal.command.DbMigrate      : Schema "public" is up to date. No migration necessary.
2026-08-15T09:43:23.401+03:00  INFO 23996 --- [aams] [main] o.hibernate.jpa.internal.util.LogHelper  : HHH000204: Processing PersistenceUnitInfo [name: default]
2026-08-15T09:43:23.600+03:00  INFO 23996 --- [aams] [main] org.hibernate.Version                    : HHH000412: Hibernate ORM core version 6.5.2.Final
2026-08-15T09:43:23.695+03:00  INFO 23996 --- [aams] [main] o.h.c.internal.RegionFactoryInitiator    : HHH000026: Second-level cache disabled
2026-08-15T09:43:24.286+03:00  INFO 23996 --- [aams] [main] o.s.o.j.p.SpringPersistenceUnitInfo      : No LoadTimeWeaver setup: ignoring JPA class transformer
2026-08-15T09:43:24.937+03:00  WARN 23996 --- [aams] [main] org.hibernate.orm.deprecation            : HHH90000025: PostgreSQLDialect does not need to be specified explicitly using 'hibernate.dialect' (remove the property setting and it will be selected by default)
2026-08-15T09:43:26.604+03:00  INFO 23996 --- [aams] [main] o.h.e.t.j.p.i.JtaPlatformInitiator       : HHH000489: No JTA platform available (set 'hibernate.transaction.jta.platform' to enable JTA platform integration)
2026-08-15T09:43:30.387+03:00  INFO 23996 --- [aams] [main] j.LocalContainerEntityManagerFactoryBean : Initialized JPA EntityManagerFactory for persistence unit 'default'
2026-08-15T09:43:30.771+03:00 DEBUG 23996 --- [aams] [main] c.ldi.aams.auth.internal.JwtAuthFilter   : Filter 'jwtAuthFilter' configured for use
2026-08-15T09:43:30.981+03:00  INFO 23996 --- [aams] [main] eAuthenticationProviderManagerConfigurer : Global AuthenticationManager configured with AuthenticationProvider bean with name authenticationProvider
2026-08-15T09:43:30.983+03:00  WARN 23996 --- [aams] [main] r$InitializeUserDetailsManagerConfigurer : Global AuthenticationManager configured with an AuthenticationProvider bean. UserDetailsService beans will not be used for username/password login. Consider removing the AuthenticationProvider bean. Alternatively, consider using the UserDetailsService in a manually instantiated DaoAuthenticationProvider.
2026-08-15T09:43:31.112+03:00  INFO 23996 --- [aams] [main] o.s.d.j.r.query.QueryEnhancerFactory     : Hibernate is in classpath; If applicable, HQL parser will be used.
2026-08-15T09:43:31.745+03:00  WARN 23996 --- [aams] [main] JpaBaseConfiguration$JpaWebConfiguration : spring.jpa.open-in-view is enabled by default. Therefore, database queries may be performed during view rendering. Explicitly configure spring.jpa.open-in-view to disable this warning
2026-08-15T09:43:32.158+03:00  INFO 23996 --- [aams] [main] o.s.b.a.e.web.EndpointLinksResolver      : Exposing 1 endpoint beneath base path '/actuator'
2026-08-15T09:43:33.029+03:00  INFO 23996 --- [aams] [main] o.s.b.w.embedded.tomcat.TomcatWebServer  : Tomcat started on port 8082 (http) with context path '/'
2026-08-15T09:43:33.057+03:00  INFO 23996 --- [aams] [main] o.s.s.config.TaskSchedulerRouter         : No TaskScheduler/ScheduledExecutorService bean found for scheduled processing
2026-08-15T09:43:33.073+03:00  INFO 23996 --- [aams] [main] com.ldi.aams.AamsApplication             : Started AamsApplication in 21.095 seconds (process running for 21.728)
2026-08-15T09:44:09.442+03:00  INFO 29628 --- [aams] [main] com.ldi.aams.AamsApplication             : Starting AamsApplication using Java 22.0.2 with PID 29628 (C:\Users\Moham\OneDrive\Desktop\PROJECTS\Airline-Mangement\backend\target\classes started by Moham in C:\Users\Moham\OneDrive\Desktop\PROJECTS\Airline-Mangement\backend)
2026-08-15T09:44:09.446+03:00 DEBUG 29628 --- [aams] [main] com.ldi.aams.AamsApplication             : Running with Spring Boot v3.3.2, Spring v6.1.11
2026-08-15T09:44:09.449+03:00  INFO 29628 --- [aams] [main] com.ldi.aams.AamsApplication             : No active profile set, falling back to 1 default profile: "default"
2026-08-15T09:44:10.415+03:00  INFO 29628 --- [aams] [main] .s.d.r.c.RepositoryConfigurationDelegate : Bootstrapping Spring Data JPA repositories in DEFAULT mode.
2026-08-15T09:44:10.507+03:00  INFO 29628 --- [aams] [main] .s.d.r.c.RepositoryConfigurationDelegate : Finished Spring Data repository scanning in 90 ms. Found 12 JPA repository interfaces.
2026-08-15T09:44:11.211+03:00  INFO 29628 --- [aams] [main] o.s.b.w.embedded.tomcat.TomcatWebServer  : Tomcat initialized with port 8082 (http)
2026-08-15T09:44:11.230+03:00  INFO 29628 --- [aams] [main] o.apache.catalina.core.StandardService   : Starting service [Tomcat]
2026-08-15T09:44:11.230+03:00  INFO 29628 --- [aams] [main] o.apache.catalina.core.StandardEngine    : Starting Servlet engine: [Apache Tomcat/10.1.26]
2026-08-15T09:44:11.329+03:00  INFO 29628 --- [aams] [main] o.a.c.c.C.[Tomcat].[localhost].[/]       : Initializing Spring embedded WebApplicationContext
2026-08-15T09:44:11.330+03:00  INFO 29628 --- [aams] [main] w.s.c.ServletWebServerApplicationContext : Root WebApplicationContext: initialization completed in 1821 ms
2026-08-15T09:44:11.739+03:00  INFO 29628 --- [aams] [main] com.zaxxer.hikari.HikariDataSource       : HikariPool-1 - Starting...
2026-08-15T09:44:13.817+03:00  INFO 29628 --- [aams] [main] com.zaxxer.hikari.pool.HikariPool        : HikariPool-1 - Added connection org.postgresql.jdbc.PgConnection@430aae8e
2026-08-15T09:44:13.822+03:00  INFO 29628 --- [aams] [main] com.zaxxer.hikari.HikariDataSource       : HikariPool-1 - Start completed.
2026-08-15T09:44:14.332+03:00  INFO 29628 --- [aams] [main] org.flywaydb.core.FlywayExecutor         : Database: jdbc:postgresql://ep-tiny-night-b1ydnyk0.c-5.eu-central-1.aws.neon.tech/neondb (PostgreSQL 18.4)
2026-08-15T09:44:15.018+03:00  WARN 29628 --- [aams] [main] o.f.c.internal.database.base.Database    : Flyway upgrade recommended: PostgreSQL 18.4 is newer than this version of Flyway and support has not been tested. The latest supported version of PostgreSQL is 16.
2026-08-15T09:44:15.893+03:00  INFO 29628 --- [aams] [main] o.f.core.internal.command.DbValidate     : Successfully validated 15 migrations (execution time 00:00.729s)
2026-08-15T09:44:17.053+03:00  INFO 29628 --- [aams] [main] o.f.core.internal.command.DbMigrate      : Current version of schema "public": 14
2026-08-15T09:44:17.054+03:00  WARN 29628 --- [aams] [main] o.f.core.internal.command.DbMigrate      : Schema "public" has a version (14) that is newer than the latest available migration (12) !
2026-08-15T09:44:17.178+03:00  INFO 29628 --- [aams] [main] o.f.core.internal.command.DbMigrate      : Schema "public" is up to date. No migration necessary.
2026-08-15T09:44:18.095+03:00  INFO 29628 --- [aams] [main] o.hibernate.jpa.internal.util.LogHelper  : HHH000204: Processing PersistenceUnitInfo [name: default]
2026-08-15T09:44:18.092+03:00  INFO 23996 --- [aams] [http-nio-8082-exec-2] o.a.c.c.C.[Tomcat].[localhost].[/]       : Initializing Spring DispatcherServlet 'dispatcherServlet'
2026-08-15T09:44:18.106+03:00  INFO 23996 --- [aams] [http-nio-8082-exec-2] o.s.web.servlet.DispatcherServlet        : Initializing Servlet 'dispatcherServlet'
2026-08-15T09:44:18.183+03:00  INFO 23996 --- [aams] [http-nio-8082-exec-2] o.s.web.servlet.DispatcherServlet        : Completed initialization in 74 ms
2026-08-15T09:44:18.346+03:00  INFO 29628 --- [aams] [main] org.hibernate.Version                    : HHH000412: Hibernate ORM core version 6.5.2.Final
2026-08-15T09:44:18.464+03:00  INFO 29628 --- [aams] [main] o.h.c.internal.RegionFactoryInitiator    : HHH000026: Second-level cache disabled
2026-08-15T09:44:19.367+03:00  INFO 29628 --- [aams] [main] o.s.o.j.p.SpringPersistenceUnitInfo      : No LoadTimeWeaver setup: ignoring JPA class transformer
2026-08-15T09:44:19.885+03:00  WARN 29628 --- [aams] [main] org.hibernate.orm.deprecation            : HHH90000025: PostgreSQLDialect does not need to be specified explicitly using 'hibernate.dialect' (remove the property setting and it will be selected by default)
2026-08-15T09:44:23.221+03:00  INFO 29628 --- [aams] [main] o.h.e.t.j.p.i.JtaPlatformInitiator       : HHH000489: No JTA platform available (set 'hibernate.transaction.jta.platform' to enable JTA platform integration)
2026-08-15T09:44:27.032+03:00  INFO 29628 --- [aams] [main] j.LocalContainerEntityManagerFactoryBean : Initialized JPA EntityManagerFactory for persistence unit 'default'
2026-08-15T09:44:27.877+03:00 DEBUG 29628 --- [aams] [main] c.ldi.aams.auth.internal.JwtAuthFilter   : Filter 'jwtAuthFilter' configured for use
2026-08-15T09:44:28.466+03:00  INFO 29628 --- [aams] [main] eAuthenticationProviderManagerConfigurer : Global AuthenticationManager configured with AuthenticationProvider bean with name authenticationProvider
2026-08-15T09:44:28.469+03:00  WARN 29628 --- [aams] [main] r$InitializeUserDetailsManagerConfigurer : Global AuthenticationManager configured with an AuthenticationProvider bean. UserDetailsService beans will not be used for username/password login. Consider removing the AuthenticationProvider bean. Alternatively, consider using the UserDetailsService in a manually instantiated DaoAuthenticationProvider.
2026-08-15T09:44:28.855+03:00  INFO 29628 --- [aams] [main] o.s.d.j.r.query.QueryEnhancerFactory     : Hibernate is in classpath; If applicable, HQL parser will be used.
2026-08-15T09:44:30.209+03:00  WARN 29628 --- [aams] [main] JpaBaseConfiguration$JpaWebConfiguration : spring.jpa.open-in-view is enabled by default. Therefore, database queries may be performed during view rendering. Explicitly configure spring.jpa.open-in-view to disable this warning
2026-08-15T09:44:30.679+03:00  INFO 29628 --- [aams] [main] o.s.b.a.e.web.EndpointLinksResolver      : Exposing 1 endpoint beneath base path '/actuator'
2026-08-15T09:44:31.226+03:00  WARN 29628 --- [aams] [main] ConfigServletWebServerApplicationContext : Exception encountered during context initialization - cancelling refresh attempt: org.springframework.context.ApplicationContextException: Failed to start bean 'webServerStartStop'
2026-08-15T09:44:31.586+03:00  INFO 29628 --- [aams] [main] .s.m.e.c.DefaultEventPublicationRegistry : No publications outstanding!
2026-08-15T09:44:31.588+03:00  INFO 29628 --- [aams] [main] j.LocalContainerEntityManagerFactoryBean : Closing JPA EntityManagerFactory for persistence unit 'default'
2026-08-15T09:44:31.595+03:00  INFO 29628 --- [aams] [main] com.zaxxer.hikari.HikariDataSource       : HikariPool-1 - Shutdown initiated...
2026-08-15T09:44:32.657+03:00  INFO 29628 --- [aams] [main] com.zaxxer.hikari.HikariDataSource       : HikariPool-1 - Shutdown completed.
2026-08-15T09:44:32.677+03:00  INFO 29628 --- [aams] [main] .s.b.a.l.ConditionEvaluationReportLogger : 

Error starting ApplicationContext. To display the condition evaluation report re-run your application with 'debug' enabled.
2026-08-15T09:44:32.768+03:00 ERROR 29628 --- [aams] [main] o.s.b.d.LoggingFailureAnalysisReporter   : 

***************************
APPLICATION FAILED TO START
***************************

Description:

Web server failed to start. Port 8082 was already in use.

Action:

Identify and stop the process that's listening on port 8082 or configure this application to listen on another port.

2026-08-15T09:49:50.902+03:00 ERROR 23996 --- [aams] [http-nio-8082-exec-7] c.l.a.c.e.GlobalExceptionHandler         : Unhandled exception

org.springframework.http.converter.HttpMessageNotReadableException: Required request body is missing: public org.springframework.http.ResponseEntity<com.ldi.aams.settings.NotificationPreferenceDto> com.ldi.aams.settings.NotificationSettingsController.updatePreference(java.util.UUID,java.lang.String,java.lang.String)
	at org.springframework.web.servlet.mvc.method.annotation.RequestResponseBodyMethodProcessor.readWithMessageConverters(RequestResponseBodyMethodProcessor.java:164) ~[spring-webmvc-6.1.11.jar:6.1.11]
	at org.springframework.web.servlet.mvc.method.annotation.RequestResponseBodyMethodProcessor.resolveArgument(RequestResponseBodyMethodProcessor.java:135) ~[spring-webmvc-6.1.11.jar:6.1.11]
	at org.springframework.web.method.support.HandlerMethodArgumentResolverComposite.resolveArgument(HandlerMethodArgumentResolverComposite.java:122) ~[spring-web-6.1.11.jar:6.1.11]
	at org.springframework.web.method.support.InvocableHandlerMethod.getMethodArgumentValues(InvocableHandlerMethod.java:224) ~[spring-web-6.1.11.jar:6.1.11]
	at org.springframework.web.method.support.InvocableHandlerMethod.invokeForRequest(InvocableHandlerMethod.java:178) ~[spring-web-6.1.11.jar:6.1.11]
	at org.springframework.web.servlet.mvc.method.annotation.ServletInvocableHandlerMethod.invokeAndHandle(ServletInvocableHandlerMethod.java:118) ~[spring-webmvc-6.1.11.jar:6.1.11]
	at org.springframework.web.servlet.mvc.method.annotation.RequestMappingHandlerAdapter.invokeHandlerMethod(RequestMappingHandlerAdapter.java:926) ~[spring-webmvc-6.1.11.jar:6.1.11]
	at org.springframework.web.servlet.mvc.method.annotation.RequestMappingHandlerAdapter.handleInternal(RequestMappingHandlerAdapter.java:831) ~[spring-webmvc-6.1.11.jar:6.1.11]
	at org.springframework.web.servlet.mvc.method.AbstractHandlerMethodAdapter.handle(AbstractHandlerMethodAdapter.java:87) ~[spring-webmvc-6.1.11.jar:6.1.11]
	at org.springframework.web.servlet.DispatcherServlet.doDispatch(DispatcherServlet.java:1089) ~[spring-webmvc-6.1.11.jar:6.1.11]
	at org.springframework.web.servlet.DispatcherServlet.doService(DispatcherServlet.java:979) ~[spring-webmvc-6.1.11.jar:6.1.11]
	at org.springframework.web.servlet.FrameworkServlet.processRequest(FrameworkServlet.java:1014) ~[spring-webmvc-6.1.11.jar:6.1.11]
	at org.springframework.web.servlet.FrameworkServlet.doPut(FrameworkServlet.java:925) ~[spring-webmvc-6.1.11.jar:6.1.11]
	at jakarta.servlet.http.HttpServlet.service(HttpServlet.java:593) ~[tomcat-embed-core-10.1.26.jar:10.1.26]
	at org.springframework.web.servlet.FrameworkServlet.service(FrameworkServlet.java:885) ~[spring-webmvc-6.1.11.jar:6.1.11]
	at jakarta.servlet.http.HttpServlet.service(HttpServlet.java:658) ~[tomcat-embed-core-10.1.26.jar:10.1.26]
	at org.apache.catalina.core.ApplicationFilterChain.internalDoFilter(ApplicationFilterChain.java:195) ~[tomcat-embed-core-10.1.26.jar:10.1.26]
	at org.apache.catalina.core.ApplicationFilterChain.doFilter(ApplicationFilterChain.java:140) ~[tomcat-embed-core-10.1.26.jar:10.1.26]
	at org.apache.tomcat.websocket.server.WsFilter.doFilter(WsFilter.java:51) ~[tomcat-embed-websocket-10.1.26.jar:10.1.26]
	at org.apache.catalina.core.ApplicationFilterChain.internalDoFilter(ApplicationFilterChain.java:164) ~[tomcat-embed-core-10.1.26.jar:10.1.26]
	at org.apache.catalina.core.ApplicationFilterChain.doFilter(ApplicationFilterChain.java:140) ~[tomcat-embed-core-10.1.26.jar:10.1.26]
	at org.springframework.web.filter.OncePerRequestFilter.doFilter(OncePerRequestFilter.java:110) ~[spring-web-6.1.11.jar:6.1.11]
	at org.apache.catalina.core.ApplicationFilterChain.internalDoFilter(ApplicationFilterChain.java:164) ~[tomcat-embed-core-10.1.26.jar:10.1.26]
	at org.apache.catalina.core.ApplicationFilterChain.doFilter(ApplicationFilterChain.java:140) ~[tomcat-embed-core-10.1.26.jar:10.1.26]
	at org.springframework.web.filter.CompositeFilter$VirtualFilterChain.doFilter(CompositeFilter.java:108) ~[spring-web-6.1.11.jar:6.1.11]
	at org.springframework.security.web.FilterChainProxy.lambda$doFilterInternal$3(FilterChainProxy.java:231) ~[spring-security-web-6.3.1.jar:6.3.1]
	at org.springframework.security.web.ObservationFilterChainDecorator$FilterObservation$SimpleFilterObservation.lambda$wrap$1(ObservationFilterChainDecorator.java:479) ~[spring-security-web-6.3.1.jar:6.3.1]
	at org.springframework.security.web.ObservationFilterChainDecorator$AroundFilterObservation$SimpleAroundFilterObservation.lambda$wrap$1(ObservationFilterChainDecorator.java:340) ~[spring-security-web-6.3.1.jar:6.3.1]
	at org.springframework.security.web.ObservationFilterChainDecorator.lambda$wrapSecured$0(ObservationFilterChainDecorator.java:82) ~[spring-security-web-6.3.1.jar:6.3.1]
	at org.springframework.security.web.ObservationFilterChainDecorator$VirtualFilterChain.doFilter(ObservationFilterChainDecorator.java:128) ~[spring-security-web-6.3.1.jar:6.3.1]
	at org.springframework.security.web.access.intercept.AuthorizationFilter.doFilter(AuthorizationFilter.java:100) ~[spring-security-web-6.3.1.jar:6.3.1]
	at org.springframework.security.web.ObservationFilterChainDecorator$ObservationFilter.wrapFilter(ObservationFilterChainDecorator.java:240) ~[spring-security-web-6.3.1.jar:6.3.1]
	at org.springframework.security.web.ObservationFilterChainDecorator$ObservationFilter.doFilter(ObservationFilterChainDecorator.java:227) ~[spring-security-web-6.3.1.jar:6.3.1]
	at org.springframework.security.web.ObservationFilterChainDecorator$VirtualFilterChain.doFilter(ObservationFilterChainDecorator.java:137) ~[spring-security-web-6.3.1.jar:6.3.1]
	at org.springframework.security.web.access.ExceptionTranslationFilter.doFilter(ExceptionTranslationFilter.java:126) ~[spring-security-web-6.3.1.jar:6.3.1]
	at org.springframework.security.web.access.ExceptionTranslationFilter.doFilter(ExceptionTranslationFilter.java:120) ~[spring-security-web-6.3.1.jar:6.3.1]
	at org.springframework.security.web.ObservationFilterChainDecorator$ObservationFilter.wrapFilter(ObservationFilterChainDecorator.java:240) ~[spring-security-web-6.3.1.jar:6.3.1]
	at org.springframework.security.web.ObservationFilterChainDecorator$ObservationFilter.doFilter(ObservationFilterChainDecorator.java:227) ~[spring-security-web-6.3.1.jar:6.3.1]
	at org.springframework.security.web.ObservationFilterChainDecorator$VirtualFilterChain.doFilter(ObservationFilterChainDecorator.java:137) ~[spring-security-web-6.3.1.jar:6.3.1]
	at org.springframework.security.web.session.SessionManagementFilter.doFilter(SessionManagementFilter.java:131) ~[spring-security-web-6.3.1.jar:6.3.1]
	at org.springframework.security.web.session.SessionManagementFilter.doFilter(SessionManagementFilter.java:85) ~[spring-security-web-6.3.1.jar:6.3.1]
	at org.springframework.security.web.ObservationFilterChainDecorator$ObservationFilter.wrapFilter(ObservationFilterChainDecorator.java:240) ~[spring-security-web-6.3.1.jar:6.3.1]
	at org.springframework.security.web.ObservationFilterChainDecorator$ObservationFilter.doFilter(ObservationFilterChainDecorator.java:227) ~[spring-security-web-6.3.1.jar:6.3.1]
	at org.springframework.security.web.ObservationFilterChainDecorator$VirtualFilterChain.doFilter(ObservationFilterChainDecorator.java:137) ~[spring-security-web-6.3.1.jar:6.3.1]
	at org.springframework.security.web.authentication.AnonymousAuthenticationFilter.doFilter(AnonymousAuthenticationFilter.java:100) ~[spring-security-web-6.3.1.jar:6.3.1]
	at org.springframework.security.web.ObservationFilterChainDecorator$ObservationFilter.wrapFilter(ObservationFilterChainDecorator.java:240) ~[spring-security-web-6.3.1.jar:6.3.1]
	at org.springframework.security.web.ObservationFilterChainDecorator$ObservationFilter.doFilter(ObservationFilterChainDecorator.java:227) ~[spring-security-web-6.3.1.jar:6.3.1]
	at org.springframework.security.web.ObservationFilterChainDecorator$VirtualFilterChain.doFilter(ObservationFilterChainDecorator.java:137) ~[spring-security-web-6.3.1.jar:6.3.1]
	at org.springframework.security.web.servletapi.SecurityContextHolderAwareRequestFilter.doFilter(SecurityContextHolderAwareRequestFilter.java:179) ~[spring-security-web-6.3.1.jar:6.3.1]
	at org.springframework.security.web.ObservationFilterChainDecorator$ObservationFilter.wrapFilter(ObservationFilterChainDecorator.java:240) ~[spring-security-web-6.3.1.jar:6.3.1]
	at org.springframework.security.web.ObservationFilterChainDecorator$ObservationFilter.doFilter(ObservationFilterChainDecorator.java:227) ~[spring-security-web-6.3.1.jar:6.3.1]
	at org.springframework.security.web.ObservationFilterChainDecorator$VirtualFilterChain.doFilter(ObservationFilterChainDecorator.java:137) ~[spring-security-web-6.3.1.jar:6.3.1]
	at org.springframework.security.web.savedrequest.RequestCacheAwareFilter.doFilter(RequestCacheAwareFilter.java:63) ~[spring-security-web-6.3.1.jar:6.3.1]
	at org.springframework.security.web.ObservationFilterChainDecorator$ObservationFilter.wrapFilter(ObservationFilterChainDecorator.java:240) ~[spring-security-web-6.3.1.jar:6.3.1]
	at org.springframework.security.web.ObservationFilterChainDecorator$ObservationFilter.doFilter(ObservationFilterChainDecorator.java:227) ~[spring-security-web-6.3.1.jar:6.3.1]
	at org.springframework.security.web.ObservationFilterChainDecorator$VirtualFilterChain.doFilter(ObservationFilterChainDecorator.java:137) ~[spring-security-web-6.3.1.jar:6.3.1]
	at com.ldi.aams.auth.internal.JwtAuthFilter.doFilterInternal(JwtAuthFilter.java:64) ~[classes/:na]
	at org.springframework.web.filter.OncePerRequestFilter.doFilter(OncePerRequestFilter.java:116) ~[spring-web-6.1.11.jar:6.1.11]
	at org.springframework.security.web.ObservationFilterChainDecorator$ObservationFilter.wrapFilter(ObservationFilterChainDecorator.java:240) ~[spring-security-web-6.3.1.jar:6.3.1]
	at org.springframework.security.web.ObservationFilterChainDecorator$ObservationFilter.doFilter(ObservationFilterChainDecorator.java:227) ~[spring-security-web-6.3.1.jar:6.3.1]
	at org.springframework.security.web.ObservationFilterChainDecorator$VirtualFilterChain.doFilter(ObservationFilterChainDecorator.java:137) ~[spring-security-web-6.3.1.jar:6.3.1]
	at org.springframework.security.web.authentication.logout.LogoutFilter.doFilter(LogoutFilter.java:107) ~[spring-security-web-6.3.1.jar:6.3.1]
	at org.springframework.security.web.authentication.logout.LogoutFilter.doFilter(LogoutFilter.java:93) ~[spring-security-web-6.3.1.jar:6.3.1]
	at org.springframework.security.web.ObservationFilterChainDecorator$ObservationFilter.wrapFilter(ObservationFilterChainDecorator.java:240) ~[spring-security-web-6.3.1.jar:6.3.1]
	at org.springframework.security.web.ObservationFilterChainDecorator$ObservationFilter.doFilter(ObservationFilterChainDecorator.java:227) ~[spring-security-web-6.3.1.jar:6.3.1]
	at org.springframework.security.web.ObservationFilterChainDecorator$VirtualFilterChain.doFilter(ObservationFilterChainDecorator.java:137) ~[spring-security-web-6.3.1.jar:6.3.1]
	at org.springframework.web.filter.CorsFilter.doFilterInternal(CorsFilter.java:91) ~[spring-web-6.1.11.jar:6.1.11]
	at org.springframework.web.filter.OncePerRequestFilter.doFilter(OncePerRequestFilter.java:116) ~[spring-web-6.1.11.jar:6.1.11]
	at org.springframework.security.web.ObservationFilterChainDecorator$ObservationFilter.wrapFilter(ObservationFilterChainDecorator.java:240) ~[spring-security-web-6.3.1.jar:6.3.1]
	at org.springframework.security.web.ObservationFilterChainDecorator$ObservationFilter.doFilter(ObservationFilterChainDecorator.java:227) ~[spring-security-web-6.3.1.jar:6.3.1]
	at org.springframework.security.web.ObservationFilterChainDecorator$VirtualFilterChain.doFilter(ObservationFilterChainDecorator.java:137) ~[spring-security-web-6.3.1.jar:6.3.1]
	at org.springframework.security.web.header.HeaderWriterFilter.doHeadersAfter(HeaderWriterFilter.java:90) ~[spring-security-web-6.3.1.jar:6.3.1]
	at org.springframework.security.web.header.HeaderWriterFilter.doFilterInternal(HeaderWriterFilter.java:75) ~[spring-security-web-6.3.1.jar:6.3.1]
	at org.springframework.web.filter.OncePerRequestFilter.doFilter(OncePerRequestFilter.java:116) ~[spring-web-6.1.11.jar:6.1.11]
	at org.springframework.security.web.ObservationFilterChainDecorator$ObservationFilter.wrapFilter(ObservationFilterChainDecorator.java:240) ~[spring-security-web-6.3.1.jar:6.3.1]
	at org.springframework.security.web.ObservationFilterChainDecorator$ObservationFilter.doFilter(ObservationFilterChainDecorator.java:227) ~[spring-security-web-6.3.1.jar:6.3.1]
	at org.springframework.security.web.ObservationFilterChainDecorator$VirtualFilterChain.doFilter(ObservationFilterChainDecorator.java:137) ~[spring-security-web-6.3.1.jar:6.3.1]
	at org.springframework.security.web.context.SecurityContextHolderFilter.doFilter(SecurityContextHolderFilter.java:82) ~[spring-security-web-6.3.1.jar:6.3.1]
	at org.springframework.security.web.context.SecurityContextHolderFilter.doFilter(SecurityContextHolderFilter.java:69) ~[spring-security-web-6.3.1.jar:6.3.1]
	at org.springframework.security.web.ObservationFilterChainDecorator$ObservationFilter.wrapFilter(ObservationFilterChainDecorator.java:240) ~[spring-security-web-6.3.1.jar:6.3.1]
	at org.springframework.security.web.ObservationFilterChainDecorator$ObservationFilter.doFilter(ObservationFilterChainDecorator.java:227) ~[spring-security-web-6.3.1.jar:6.3.1]
	at org.springframework.security.web.ObservationFilterChainDecorator$VirtualFilterChain.doFilter(ObservationFilterChainDecorator.java:137) ~[spring-security-web-6.3.1.jar:6.3.1]
	at org.springframework.security.web.context.request.async.WebAsyncManagerIntegrationFilter.doFilterInternal(WebAsyncManagerIntegrationFilter.java:62) ~[spring-security-web-6.3.1.jar:6.3.1]
	at org.springframework.web.filter.OncePerRequestFilter.doFilter(OncePerRequestFilter.java:116) ~[spring-web-6.1.11.jar:6.1.11]
	at org.springframework.security.web.ObservationFilterChainDecorator$ObservationFilter.wrapFilter(ObservationFilterChainDecorator.java:240) ~[spring-security-web-6.3.1.jar:6.3.1]
	at org.springframework.security.web.ObservationFilterChainDecorator$ObservationFilter.doFilter(ObservationFilterChainDecorator.java:227) ~[spring-security-web-6.3.1.jar:6.3.1]
	at org.springframework.security.web.ObservationFilterChainDecorator$VirtualFilterChain.doFilter(ObservationFilterChainDecorator.java:137) ~[spring-security-web-6.3.1.jar:6.3.1]
	at org.springframework.security.web.session.DisableEncodeUrlFilter.doFilterInternal(DisableEncodeUrlFilter.java:42) ~[spring-security-web-6.3.1.jar:6.3.1]
	at org.springframework.web.filter.OncePerRequestFilter.doFilter(OncePerRequestFilter.java:116) ~[spring-web-6.1.11.jar:6.1.11]
	at org.springframework.security.web.ObservationFilterChainDecorator$ObservationFilter.wrapFilter(ObservationFilterChainDecorator.java:240) ~[spring-security-web-6.3.1.jar:6.3.1]
	at org.springframework.security.web.ObservationFilterChainDecorator$AroundFilterObservation$SimpleAroundFilterObservation.lambda$wrap$0(ObservationFilterChainDecorator.java:323) ~[spring-security-web-6.3.1.jar:6.3.1]
	at org.springframework.security.web.ObservationFilterChainDecorator$ObservationFilter.doFilter(ObservationFilterChainDecorator.java:224) ~[spring-security-web-6.3.1.jar:6.3.1]
	at org.springframework.security.web.ObservationFilterChainDecorator$VirtualFilterChain.doFilter(ObservationFilterChainDecorator.java:137) ~[spring-security-web-6.3.1.jar:6.3.1]
	at org.springframework.security.web.FilterChainProxy.doFilterInternal(FilterChainProxy.java:233) ~[spring-security-web-6.3.1.jar:6.3.1]
	at org.springframework.security.web.FilterChainProxy.doFilter(FilterChainProxy.java:191) ~[spring-security-web-6.3.1.jar:6.3.1]
	at org.springframework.web.filter.CompositeFilter$VirtualFilterChain.doFilter(CompositeFilter.java:113) ~[spring-web-6.1.11.jar:6.1.11]
	at org.springframework.web.servlet.handler.HandlerMappingIntrospector.lambda$createCacheFilter$3(HandlerMappingIntrospector.java:195) ~[spring-webmvc-6.1.11.jar:6.1.11]
	at org.springframework.web.filter.CompositeFilter$VirtualFilterChain.doFilter(CompositeFilter.java:113) ~[spring-web-6.1.11.jar:6.1.11]
	at org.springframework.web.filter.CompositeFilter.doFilter(CompositeFilter.java:74) ~[spring-web-6.1.11.jar:6.1.11]
	at org.springframework.security.config.annotation.web.configuration.WebMvcSecurityConfiguration$CompositeFilterChainProxy.doFilter(WebMvcSecurityConfiguration.java:230) ~[spring-security-config-6.3.1.jar:6.3.1]
	at org.springframework.web.filter.DelegatingFilterProxy.invokeDelegate(DelegatingFilterProxy.java:352) ~[spring-web-6.1.11.jar:6.1.11]
	at org.springframework.web.filter.DelegatingFilterProxy.doFilter(DelegatingFilterProxy.java:268) ~[spring-web-6.1.11.jar:6.1.11]
	at org.apache.catalina.core.ApplicationFilterChain.internalDoFilter(ApplicationFilterChain.java:164) ~[tomcat-embed-core-10.1.26.jar:10.1.26]
	at org.apache.catalina.core.ApplicationFilterChain.doFilter(ApplicationFilterChain.java:140) ~[tomcat-embed-core-10.1.26.jar:10.1.26]
	at org.springframework.web.filter.RequestContextFilter.doFilterInternal(RequestContextFilter.java:100) ~[spring-web-6.1.11.jar:6.1.11]
	at org.springframework.web.filter.OncePerRequestFilter.doFilter(OncePerRequestFilter.java:116) ~[spring-web-6.1.11.jar:6.1.11]
	at org.apache.catalina.core.ApplicationFilterChain.internalDoFilter(ApplicationFilterChain.java:164) ~[tomcat-embed-core-10.1.26.jar:10.1.26]
	at org.apache.catalina.core.ApplicationFilterChain.doFilter(ApplicationFilterChain.java:140) ~[tomcat-embed-core-10.1.26.jar:10.1.26]
	at org.springframework.web.filter.FormContentFilter.doFilterInternal(FormContentFilter.java:93) ~[spring-web-6.1.11.jar:6.1.11]
	at org.springframework.web.filter.OncePerRequestFilter.doFilter(OncePerRequestFilter.java:116) ~[spring-web-6.1.11.jar:6.1.11]
	at org.apache.catalina.core.ApplicationFilterChain.internalDoFilter(ApplicationFilterChain.java:164) ~[tomcat-embed-core-10.1.26.jar:10.1.26]
	at org.apache.catalina.core.ApplicationFilterChain.doFilter(ApplicationFilterChain.java:140) ~[tomcat-embed-core-10.1.26.jar:10.1.26]
	at org.springframework.web.filter.ServerHttpObservationFilter.doFilterInternal(ServerHttpObservationFilter.java:113) ~[spring-web-6.1.11.jar:6.1.11]
	at org.springframework.web.filter.OncePerRequestFilter.doFilter(OncePerRequestFilter.java:116) ~[spring-web-6.1.11.jar:6.1.11]
	at org.apache.catalina.core.ApplicationFilterChain.internalDoFilter(ApplicationFilterChain.java:164) ~[tomcat-embed-core-10.1.26.jar:10.1.26]
	at org.apache.catalina.core.ApplicationFilterChain.doFilter(ApplicationFilterChain.java:140) ~[tomcat-embed-core-10.1.26.jar:10.1.26]
	at org.springframework.web.filter.CharacterEncodingFilter.doFilterInternal(CharacterEncodingFilter.java:201) ~[spring-web-6.1.11.jar:6.1.11]
	at org.springframework.web.filter.OncePerRequestFilter.doFilter(OncePerRequestFilter.java:116) ~[spring-web-6.1.11.jar:6.1.11]
	at org.apache.catalina.core.ApplicationFilterChain.internalDoFilter(ApplicationFilterChain.java:164) ~[tomcat-embed-core-10.1.26.jar:10.1.26]
	at org.apache.catalina.core.ApplicationFilterChain.doFilter(ApplicationFilterChain.java:140) ~[tomcat-embed-core-10.1.26.jar:10.1.26]
	at org.apache.catalina.core.StandardWrapperValve.invoke(StandardWrapperValve.java:167) ~[tomcat-embed-core-10.1.26.jar:10.1.26]
	at org.apache.catalina.core.StandardContextValve.invoke(StandardContextValve.java:90) ~[tomcat-embed-core-10.1.26.jar:10.1.26]
	at org.apache.catalina.authenticator.AuthenticatorBase.invoke(AuthenticatorBase.java:483) ~[tomcat-embed-core-10.1.26.jar:10.1.26]
	at org.apache.catalina.core.StandardHostValve.invoke(StandardHostValve.java:115) ~[tomcat-embed-core-10.1.26.jar:10.1.26]
	at org.apache.catalina.valves.ErrorReportValve.invoke(ErrorReportValve.java:93) ~[tomcat-embed-core-10.1.26.jar:10.1.26]
	at org.apache.catalina.core.StandardEngineValve.invoke(StandardEngineValve.java:74) ~[tomcat-embed-core-10.1.26.jar:10.1.26]
	at org.apache.catalina.connector.CoyoteAdapter.service(CoyoteAdapter.java:344) ~[tomcat-embed-core-10.1.26.jar:10.1.26]
	at org.apache.coyote.http11.Http11Processor.service(Http11Processor.java:389) ~[tomcat-embed-core-10.1.26.jar:10.1.26]
	at org.apache.coyote.AbstractProcessorLight.process(AbstractProcessorLight.java:63) ~[tomcat-embed-core-10.1.26.jar:10.1.26]
	at org.apache.coyote.AbstractProtocol$ConnectionHandler.process(AbstractProtocol.java:904) ~[tomcat-embed-core-10.1.26.jar:10.1.26]
	at org.apache.tomcat.util.net.NioEndpoint$SocketProcessor.doRun(NioEndpoint.java:1741) ~[tomcat-embed-core-10.1.26.jar:10.1.26]
	at org.apache.tomcat.util.net.SocketProcessorBase.run(SocketProcessorBase.java:52) ~[tomcat-embed-core-10.1.26.jar:10.1.26]
	at org.apache.tomcat.util.threads.ThreadPoolExecutor.runWorker(ThreadPoolExecutor.java:1190) ~[tomcat-embed-core-10.1.26.jar:10.1.26]
	at org.apache.tomcat.util.threads.ThreadPoolExecutor$Worker.run(ThreadPoolExecutor.java:659) ~[tomcat-embed-core-10.1.26.jar:10.1.26]
	at org.apache.tomcat.util.threads.TaskThread$WrappingRunnable.run(TaskThread.java:63) ~[tomcat-embed-core-10.1.26.jar:10.1.26]
	at java.base/java.lang.Thread.run(Thread.java:1570) ~[na:na]

2026-08-15T10:02:03.623+03:00 ERROR 23996 --- [aams] [http-nio-8082-exec-9] c.l.a.c.e.GlobalExceptionHandler         : Unhandled exception

org.springframework.web.method.annotation.MethodArgumentTypeMismatchException: Failed to convert value of type 'java.lang.String' to required type 'java.util.UUID'; Invalid UUID string: undefined
	at org.springframework.web.method.annotation.AbstractNamedValueMethodArgumentResolver.convertIfNecessary(AbstractNamedValueMethodArgumentResolver.java:302) ~[spring-web-6.1.11.jar:6.1.11]
	at org.springframework.web.method.annotation.AbstractNamedValueMethodArgumentResolver.resolveArgument(AbstractNamedValueMethodArgumentResolver.java:137) ~[spring-web-6.1.11.jar:6.1.11]
	at org.springframework.web.method.support.HandlerMethodArgumentResolverComposite.resolveArgument(HandlerMethodArgumentResolverComposite.java:122) ~[spring-web-6.1.11.jar:6.1.11]
	at org.springframework.web.method.support.InvocableHandlerMethod.getMethodArgumentValues(InvocableHandlerMethod.java:224) ~[spring-web-6.1.11.jar:6.1.11]
	at org.springframework.web.method.support.InvocableHandlerMethod.invokeForRequest(InvocableHandlerMethod.java:178) ~[spring-web-6.1.11.jar:6.1.11]
	at org.springframework.web.servlet.mvc.method.annotation.ServletInvocableHandlerMethod.invokeAndHandle(ServletInvocableHandlerMethod.java:118) ~[spring-webmvc-6.1.11.jar:6.1.11]
	at org.springframework.web.servlet.mvc.method.annotation.RequestMappingHandlerAdapter.invokeHandlerMethod(RequestMappingHandlerAdapter.java:926) ~[spring-webmvc-6.1.11.jar:6.1.11]
	at org.springframework.web.servlet.mvc.method.annotation.RequestMappingHandlerAdapter.handleInternal(RequestMappingHandlerAdapter.java:831) ~[spring-webmvc-6.1.11.jar:6.1.11]
	at org.springframework.web.servlet.mvc.method.AbstractHandlerMethodAdapter.handle(AbstractHandlerMethodAdapter.java:87) ~[spring-webmvc-6.1.11.jar:6.1.11]
	at org.springframework.web.servlet.DispatcherServlet.doDispatch(DispatcherServlet.java:1089) ~[spring-webmvc-6.1.11.jar:6.1.11]
	at org.springframework.web.servlet.DispatcherServlet.doService(DispatcherServlet.java:979) ~[spring-webmvc-6.1.11.jar:6.1.11]
	at org.springframework.web.servlet.FrameworkServlet.processRequest(FrameworkServlet.java:1014) ~[spring-webmvc-6.1.11.jar:6.1.11]
	at org.springframework.web.servlet.FrameworkServlet.doPut(FrameworkServlet.java:925) ~[spring-webmvc-6.1.11.jar:6.1.11]
	at jakarta.servlet.http.HttpServlet.service(HttpServlet.java:593) ~[tomcat-embed-core-10.1.26.jar:10.1.26]
	at org.springframework.web.servlet.FrameworkServlet.service(FrameworkServlet.java:885) ~[spring-webmvc-6.1.11.jar:6.1.11]
	at jakarta.servlet.http.HttpServlet.service(HttpServlet.java:658) ~[tomcat-embed-core-10.1.26.jar:10.1.26]
	at org.apache.catalina.core.ApplicationFilterChain.internalDoFilter(ApplicationFilterChain.java:195) ~[tomcat-embed-core-10.1.26.jar:10.1.26]
	at org.apache.catalina.core.ApplicationFilterChain.doFilter(ApplicationFilterChain.java:140) ~[tomcat-embed-core-10.1.26.jar:10.1.26]
	at org.apache.tomcat.websocket.server.WsFilter.doFilter(WsFilter.java:51) ~[tomcat-embed-websocket-10.1.26.jar:10.1.26]
	at org.apache.catalina.core.ApplicationFilterChain.internalDoFilter(ApplicationFilterChain.java:164) ~[tomcat-embed-core-10.1.26.jar:10.1.26]
	at org.apache.catalina.core.ApplicationFilterChain.doFilter(ApplicationFilterChain.java:140) ~[tomcat-embed-core-10.1.26.jar:10.1.26]
	at org.springframework.web.filter.OncePerRequestFilter.doFilter(OncePerRequestFilter.java:110) ~[spring-web-6.1.11.jar:6.1.11]
	at org.apache.catalina.core.ApplicationFilterChain.internalDoFilter(ApplicationFilterChain.java:164) ~[tomcat-embed-core-10.1.26.jar:10.1.26]
	at org.apache.catalina.core.ApplicationFilterChain.doFilter(ApplicationFilterChain.java:140) ~[tomcat-embed-core-10.1.26.jar:10.1.26]
	at org.springframework.web.filter.CompositeFilter$VirtualFilterChain.doFilter(CompositeFilter.java:108) ~[spring-web-6.1.11.jar:6.1.11]
	at org.springframework.security.web.FilterChainProxy.lambda$doFilterInternal$3(FilterChainProxy.java:231) ~[spring-security-web-6.3.1.jar:6.3.1]
	at org.springframework.security.web.ObservationFilterChainDecorator$FilterObservation$SimpleFilterObservation.lambda$wrap$1(ObservationFilterChainDecorator.java:479) ~[spring-security-web-6.3.1.jar:6.3.1]
	at org.springframework.security.web.ObservationFilterChainDecorator$AroundFilterObservation$SimpleAroundFilterObservation.lambda$wrap$1(ObservationFilterChainDecorator.java:340) ~[spring-security-web-6.3.1.jar:6.3.1]
	at org.springframework.security.web.ObservationFilterChainDecorator.lambda$wrapSecured$0(ObservationFilterChainDecorator.java:82) ~[spring-security-web-6.3.1.jar:6.3.1]
	at org.springframework.security.web.ObservationFilterChainDecorator$VirtualFilterChain.doFilter(ObservationFilterChainDecorator.java:128) ~[spring-security-web-6.3.1.jar:6.3.1]
	at org.springframework.security.web.access.intercept.AuthorizationFilter.doFilter(AuthorizationFilter.java:100) ~[spring-security-web-6.3.1.jar:6.3.1]
	at org.springframework.security.web.ObservationFilterChainDecorator$ObservationFilter.wrapFilter(ObservationFilterChainDecorator.java:240) ~[spring-security-web-6.3.1.jar:6.3.1]
	at org.springframework.security.web.ObservationFilterChainDecorator$ObservationFilter.doFilter(ObservationFilterChainDecorator.java:227) ~[spring-security-web-6.3.1.jar:6.3.1]
	at org.springframework.security.web.ObservationFilterChainDecorator$VirtualFilterChain.doFilter(ObservationFilterChainDecorator.java:137) ~[spring-security-web-6.3.1.jar:6.3.1]
	at org.springframework.security.web.access.ExceptionTranslationFilter.doFilter(ExceptionTranslationFilter.java:126) ~[spring-security-web-6.3.1.jar:6.3.1]
	at org.springframework.security.web.access.ExceptionTranslationFilter.doFilter(ExceptionTranslationFilter.java:120) ~[spring-security-web-6.3.1.jar:6.3.1]
	at org.springframework.security.web.ObservationFilterChainDecorator$ObservationFilter.wrapFilter(ObservationFilterChainDecorator.java:240) ~[spring-security-web-6.3.1.jar:6.3.1]
	at org.springframework.security.web.ObservationFilterChainDecorator$ObservationFilter.doFilter(ObservationFilterChainDecorator.java:227) ~[spring-security-web-6.3.1.jar:6.3.1]
	at org.springframework.security.web.ObservationFilterChainDecorator$VirtualFilterChain.doFilter(ObservationFilterChainDecorator.java:137) ~[spring-security-web-6.3.1.jar:6.3.1]
	at org.springframework.security.web.session.SessionManagementFilter.doFilter(SessionManagementFilter.java:131) ~[spring-security-web-6.3.1.jar:6.3.1]
	at org.springframework.security.web.session.SessionManagementFilter.doFilter(SessionManagementFilter.java:85) ~[spring-security-web-6.3.1.jar:6.3.1]
	at org.springframework.security.web.ObservationFilterChainDecorator$ObservationFilter.wrapFilter(ObservationFilterChainDecorator.java:240) ~[spring-security-web-6.3.1.jar:6.3.1]
	at org.springframework.security.web.ObservationFilterChainDecorator$ObservationFilter.doFilter(ObservationFilterChainDecorator.java:227) ~[spring-security-web-6.3.1.jar:6.3.1]
	at org.springframework.security.web.ObservationFilterChainDecorator$VirtualFilterChain.doFilter(ObservationFilterChainDecorator.java:137) ~[spring-security-web-6.3.1.jar:6.3.1]
	at org.springframework.security.web.authentication.AnonymousAuthenticationFilter.doFilter(AnonymousAuthenticationFilter.java:100) ~[spring-security-web-6.3.1.jar:6.3.1]
	at org.springframework.security.web.ObservationFilterChainDecorator$ObservationFilter.wrapFilter(ObservationFilterChainDecorator.java:240) ~[spring-security-web-6.3.1.jar:6.3.1]
	at org.springframework.security.web.ObservationFilterChainDecorator$ObservationFilter.doFilter(ObservationFilterChainDecorator.java:227) ~[spring-security-web-6.3.1.jar:6.3.1]
	at org.springframework.security.web.ObservationFilterChainDecorator$VirtualFilterChain.doFilter(ObservationFilterChainDecorator.java:137) ~[spring-security-web-6.3.1.jar:6.3.1]
	at org.springframework.security.web.servletapi.SecurityContextHolderAwareRequestFilter.doFilter(SecurityContextHolderAwareRequestFilter.java:179) ~[spring-security-web-6.3.1.jar:6.3.1]
	at org.springframework.security.web.ObservationFilterChainDecorator$ObservationFilter.wrapFilter(ObservationFilterChainDecorator.java:240) ~[spring-security-web-6.3.1.jar:6.3.1]
	at org.springframework.security.web.ObservationFilterChainDecorator$ObservationFilter.doFilter(ObservationFilterChainDecorator.java:227) ~[spring-security-web-6.3.1.jar:6.3.1]
	at org.springframework.security.web.ObservationFilterChainDecorator$VirtualFilterChain.doFilter(ObservationFilterChainDecorator.java:137) ~[spring-security-web-6.3.1.jar:6.3.1]
	at org.springframework.security.web.savedrequest.RequestCacheAwareFilter.doFilter(RequestCacheAwareFilter.java:63) ~[spring-security-web-6.3.1.jar:6.3.1]
	at org.springframework.security.web.ObservationFilterChainDecorator$ObservationFilter.wrapFilter(ObservationFilterChainDecorator.java:240) ~[spring-security-web-6.3.1.jar:6.3.1]
	at org.springframework.security.web.ObservationFilterChainDecorator$ObservationFilter.doFilter(ObservationFilterChainDecorator.java:227) ~[spring-security-web-6.3.1.jar:6.3.1]
	at org.springframework.security.web.ObservationFilterChainDecorator$VirtualFilterChain.doFilter(ObservationFilterChainDecorator.java:137) ~[spring-security-web-6.3.1.jar:6.3.1]
	at com.ldi.aams.auth.internal.JwtAuthFilter.doFilterInternal(JwtAuthFilter.java:64) ~[classes/:na]
	at org.springframework.web.filter.OncePerRequestFilter.doFilter(OncePerRequestFilter.java:116) ~[spring-web-6.1.11.jar:6.1.11]
	at org.springframework.security.web.ObservationFilterChainDecorator$ObservationFilter.wrapFilter(ObservationFilterChainDecorator.java:240) ~[spring-security-web-6.3.1.jar:6.3.1]
	at org.springframework.security.web.ObservationFilterChainDecorator$ObservationFilter.doFilter(ObservationFilterChainDecorator.java:227) ~[spring-security-web-6.3.1.jar:6.3.1]
	at org.springframework.security.web.ObservationFilterChainDecorator$VirtualFilterChain.doFilter(ObservationFilterChainDecorator.java:137) ~[spring-security-web-6.3.1.jar:6.3.1]
	at org.springframework.security.web.authentication.logout.LogoutFilter.doFilter(LogoutFilter.java:107) ~[spring-security-web-6.3.1.jar:6.3.1]
	at org.springframework.security.web.authentication.logout.LogoutFilter.doFilter(LogoutFilter.java:93) ~[spring-security-web-6.3.1.jar:6.3.1]
	at org.springframework.security.web.ObservationFilterChainDecorator$ObservationFilter.wrapFilter(ObservationFilterChainDecorator.java:240) ~[spring-security-web-6.3.1.jar:6.3.1]
	at org.springframework.security.web.ObservationFilterChainDecorator$ObservationFilter.doFilter(ObservationFilterChainDecorator.java:227) ~[spring-security-web-6.3.1.jar:6.3.1]
	at org.springframework.security.web.ObservationFilterChainDecorator$VirtualFilterChain.doFilter(ObservationFilterChainDecorator.java:137) ~[spring-security-web-6.3.1.jar:6.3.1]
	at org.springframework.web.filter.CorsFilter.doFilterInternal(CorsFilter.java:91) ~[spring-web-6.1.11.jar:6.1.11]
	at org.springframework.web.filter.OncePerRequestFilter.doFilter(OncePerRequestFilter.java:116) ~[spring-web-6.1.11.jar:6.1.11]
	at org.springframework.security.web.ObservationFilterChainDecorator$ObservationFilter.wrapFilter(ObservationFilterChainDecorator.java:240) ~[spring-security-web-6.3.1.jar:6.3.1]
	at org.springframework.security.web.ObservationFilterChainDecorator$ObservationFilter.doFilter(ObservationFilterChainDecorator.java:227) ~[spring-security-web-6.3.1.jar:6.3.1]
	at org.springframework.security.web.ObservationFilterChainDecorator$VirtualFilterChain.doFilter(ObservationFilterChainDecorator.java:137) ~[spring-security-web-6.3.1.jar:6.3.1]
	at org.springframework.security.web.header.HeaderWriterFilter.doHeadersAfter(HeaderWriterFilter.java:90) ~[spring-security-web-6.3.1.jar:6.3.1]
	at org.springframework.security.web.header.HeaderWriterFilter.doFilterInternal(HeaderWriterFilter.java:75) ~[spring-security-web-6.3.1.jar:6.3.1]
	at org.springframework.web.filter.OncePerRequestFilter.doFilter(OncePerRequestFilter.java:116) ~[spring-web-6.1.11.jar:6.1.11]
	at org.springframework.security.web.ObservationFilterChainDecorator$ObservationFilter.wrapFilter(ObservationFilterChainDecorator.java:240) ~[spring-security-web-6.3.1.jar:6.3.1]
	at org.springframework.security.web.ObservationFilterChainDecorator$ObservationFilter.doFilter(ObservationFilterChainDecorator.java:227) ~[spring-security-web-6.3.1.jar:6.3.1]
	at org.springframework.security.web.ObservationFilterChainDecorator$VirtualFilterChain.doFilter(ObservationFilterChainDecorator.java:137) ~[spring-security-web-6.3.1.jar:6.3.1]
	at org.springframework.security.web.context.SecurityContextHolderFilter.doFilter(SecurityContextHolderFilter.java:82) ~[spring-security-web-6.3.1.jar:6.3.1]
	at org.springframework.security.web.context.SecurityContextHolderFilter.doFilter(SecurityContextHolderFilter.java:69) ~[spring-security-web-6.3.1.jar:6.3.1]
	at org.springframework.security.web.ObservationFilterChainDecorator$ObservationFilter.wrapFilter(ObservationFilterChainDecorator.java:240) ~[spring-security-web-6.3.1.jar:6.3.1]
	at org.springframework.security.web.ObservationFilterChainDecorator$ObservationFilter.doFilter(ObservationFilterChainDecorator.java:227) ~[spring-security-web-6.3.1.jar:6.3.1]
	at org.springframework.security.web.ObservationFilterChainDecorator$VirtualFilterChain.doFilter(ObservationFilterChainDecorator.java:137) ~[spring-security-web-6.3.1.jar:6.3.1]
	at org.springframework.security.web.context.request.async.WebAsyncManagerIntegrationFilter.doFilterInternal(WebAsyncManagerIntegrationFilter.java:62) ~[spring-security-web-6.3.1.jar:6.3.1]
	at org.springframework.web.filter.OncePerRequestFilter.doFilter(OncePerRequestFilter.java:116) ~[spring-web-6.1.11.jar:6.1.11]
	at org.springframework.security.web.ObservationFilterChainDecorator$ObservationFilter.wrapFilter(ObservationFilterChainDecorator.java:240) ~[spring-security-web-6.3.1.jar:6.3.1]
	at org.springframework.security.web.ObservationFilterChainDecorator$ObservationFilter.doFilter(ObservationFilterChainDecorator.java:227) ~[spring-security-web-6.3.1.jar:6.3.1]
	at org.springframework.security.web.ObservationFilterChainDecorator$VirtualFilterChain.doFilter(ObservationFilterChainDecorator.java:137) ~[spring-security-web-6.3.1.jar:6.3.1]
	at org.springframework.security.web.session.DisableEncodeUrlFilter.doFilterInternal(DisableEncodeUrlFilter.java:42) ~[spring-security-web-6.3.1.jar:6.3.1]
	at org.springframework.web.filter.OncePerRequestFilter.doFilter(OncePerRequestFilter.java:116) ~[spring-web-6.1.11.jar:6.1.11]
	at org.springframework.security.web.ObservationFilterChainDecorator$ObservationFilter.wrapFilter(ObservationFilterChainDecorator.java:240) ~[spring-security-web-6.3.1.jar:6.3.1]
	at org.springframework.security.web.ObservationFilterChainDecorator$AroundFilterObservation$SimpleAroundFilterObservation.lambda$wrap$0(ObservationFilterChainDecorator.java:323) ~[spring-security-web-6.3.1.jar:6.3.1]
	at org.springframework.security.web.ObservationFilterChainDecorator$ObservationFilter.doFilter(ObservationFilterChainDecorator.java:224) ~[spring-security-web-6.3.1.jar:6.3.1]
	at org.springframework.security.web.ObservationFilterChainDecorator$VirtualFilterChain.doFilter(ObservationFilterChainDecorator.java:137) ~[spring-security-web-6.3.1.jar:6.3.1]
	at org.springframework.security.web.FilterChainProxy.doFilterInternal(FilterChainProxy.java:233) ~[spring-security-web-6.3.1.jar:6.3.1]
	at org.springframework.security.web.FilterChainProxy.doFilter(FilterChainProxy.java:191) ~[spring-security-web-6.3.1.jar:6.3.1]
	at org.springframework.web.filter.CompositeFilter$VirtualFilterChain.doFilter(CompositeFilter.java:113) ~[spring-web-6.1.11.jar:6.1.11]
	at org.springframework.web.servlet.handler.HandlerMappingIntrospector.lambda$createCacheFilter$3(HandlerMappingIntrospector.java:195) ~[spring-webmvc-6.1.11.jar:6.1.11]
	at org.springframework.web.filter.CompositeFilter$VirtualFilterChain.doFilter(CompositeFilter.java:113) ~[spring-web-6.1.11.jar:6.1.11]
	at org.springframework.web.filter.CompositeFilter.doFilter(CompositeFilter.java:74) ~[spring-web-6.1.11.jar:6.1.11]
	at org.springframework.security.config.annotation.web.configuration.WebMvcSecurityConfiguration$CompositeFilterChainProxy.doFilter(WebMvcSecurityConfiguration.java:230) ~[spring-security-config-6.3.1.jar:6.3.1]
	at org.springframework.web.filter.DelegatingFilterProxy.invokeDelegate(DelegatingFilterProxy.java:352) ~[spring-web-6.1.11.jar:6.1.11]
	at org.springframework.web.filter.DelegatingFilterProxy.doFilter(DelegatingFilterProxy.java:268) ~[spring-web-6.1.11.jar:6.1.11]
	at org.apache.catalina.core.ApplicationFilterChain.internalDoFilter(ApplicationFilterChain.java:164) ~[tomcat-embed-core-10.1.26.jar:10.1.26]
	at org.apache.catalina.core.ApplicationFilterChain.doFilter(ApplicationFilterChain.java:140) ~[tomcat-embed-core-10.1.26.jar:10.1.26]
	at org.springframework.web.filter.RequestContextFilter.doFilterInternal(RequestContextFilter.java:100) ~[spring-web-6.1.11.jar:6.1.11]
	at org.springframework.web.filter.OncePerRequestFilter.doFilter(OncePerRequestFilter.java:116) ~[spring-web-6.1.11.jar:6.1.11]
	at org.apache.catalina.core.ApplicationFilterChain.internalDoFilter(ApplicationFilterChain.java:164) ~[tomcat-embed-core-10.1.26.jar:10.1.26]
	at org.apache.catalina.core.ApplicationFilterChain.doFilter(ApplicationFilterChain.java:140) ~[tomcat-embed-core-10.1.26.jar:10.1.26]
	at org.springframework.web.filter.FormContentFilter.doFilterInternal(FormContentFilter.java:93) ~[spring-web-6.1.11.jar:6.1.11]
	at org.springframework.web.filter.OncePerRequestFilter.doFilter(OncePerRequestFilter.java:116) ~[spring-web-6.1.11.jar:6.1.11]
	at org.apache.catalina.core.ApplicationFilterChain.internalDoFilter(ApplicationFilterChain.java:164) ~[tomcat-embed-core-10.1.26.jar:10.1.26]
	at org.apache.catalina.core.ApplicationFilterChain.doFilter(ApplicationFilterChain.java:140) ~[tomcat-embed-core-10.1.26.jar:10.1.26]
	at org.springframework.web.filter.ServerHttpObservationFilter.doFilterInternal(ServerHttpObservationFilter.java:113) ~[spring-web-6.1.11.jar:6.1.11]
	at org.springframework.web.filter.OncePerRequestFilter.doFilter(OncePerRequestFilter.java:116) ~[spring-web-6.1.11.jar:6.1.11]
	at org.apache.catalina.core.ApplicationFilterChain.internalDoFilter(ApplicationFilterChain.java:164) ~[tomcat-embed-core-10.1.26.jar:10.1.26]
	at org.apache.catalina.core.ApplicationFilterChain.doFilter(ApplicationFilterChain.java:140) ~[tomcat-embed-core-10.1.26.jar:10.1.26]
	at org.springframework.web.filter.CharacterEncodingFilter.doFilterInternal(CharacterEncodingFilter.java:201) ~[spring-web-6.1.11.jar:6.1.11]
	at org.springframework.web.filter.OncePerRequestFilter.doFilter(OncePerRequestFilter.java:116) ~[spring-web-6.1.11.jar:6.1.11]
	at org.apache.catalina.core.ApplicationFilterChain.internalDoFilter(ApplicationFilterChain.java:164) ~[tomcat-embed-core-10.1.26.jar:10.1.26]
	at org.apache.catalina.core.ApplicationFilterChain.doFilter(ApplicationFilterChain.java:140) ~[tomcat-embed-core-10.1.26.jar:10.1.26]
	at org.apache.catalina.core.StandardWrapperValve.invoke(StandardWrapperValve.java:167) ~[tomcat-embed-core-10.1.26.jar:10.1.26]
	at org.apache.catalina.core.StandardContextValve.invoke(StandardContextValve.java:90) ~[tomcat-embed-core-10.1.26.jar:10.1.26]
	at org.apache.catalina.authenticator.AuthenticatorBase.invoke(AuthenticatorBase.java:483) ~[tomcat-embed-core-10.1.26.jar:10.1.26]
	at org.apache.catalina.core.StandardHostValve.invoke(StandardHostValve.java:115) ~[tomcat-embed-core-10.1.26.jar:10.1.26]
	at org.apache.catalina.valves.ErrorReportValve.invoke(ErrorReportValve.java:93) ~[tomcat-embed-core-10.1.26.jar:10.1.26]
	at org.apache.catalina.core.StandardEngineValve.invoke(StandardEngineValve.java:74) ~[tomcat-embed-core-10.1.26.jar:10.1.26]
	at org.apache.catalina.connector.CoyoteAdapter.service(CoyoteAdapter.java:344) ~[tomcat-embed-core-10.1.26.jar:10.1.26]
	at org.apache.coyote.http11.Http11Processor.service(Http11Processor.java:389) ~[tomcat-embed-core-10.1.26.jar:10.1.26]
	at org.apache.coyote.AbstractProcessorLight.process(AbstractProcessorLight.java:63) ~[tomcat-embed-core-10.1.26.jar:10.1.26]
	at org.apache.coyote.AbstractProtocol$ConnectionHandler.process(AbstractProtocol.java:904) ~[tomcat-embed-core-10.1.26.jar:10.1.26]
	at org.apache.tomcat.util.net.NioEndpoint$SocketProcessor.doRun(NioEndpoint.java:1741) ~[tomcat-embed-core-10.1.26.jar:10.1.26]
	at org.apache.tomcat.util.net.SocketProcessorBase.run(SocketProcessorBase.java:52) ~[tomcat-embed-core-10.1.26.jar:10.1.26]
	at org.apache.tomcat.util.threads.ThreadPoolExecutor.runWorker(ThreadPoolExecutor.java:1190) ~[tomcat-embed-core-10.1.26.jar:10.1.26]
	at org.apache.tomcat.util.threads.ThreadPoolExecutor$Worker.run(ThreadPoolExecutor.java:659) ~[tomcat-embed-core-10.1.26.jar:10.1.26]
	at org.apache.tomcat.util.threads.TaskThread$WrappingRunnable.run(TaskThread.java:63) ~[tomcat-embed-core-10.1.26.jar:10.1.26]
	at java.base/java.lang.Thread.run(Thread.java:1570) ~[na:na]
Caused by: java.lang.IllegalArgumentException: Invalid UUID string: undefined
	at java.base/java.util.UUID.fromString1(UUID.java:286) ~[na:na]
	at java.base/java.util.UUID.fromString(UUID.java:264) ~[na:na]
	at org.springframework.beans.propertyeditors.UUIDEditor.setAsText(UUIDEditor.java:37) ~[spring-beans-6.1.11.jar:6.1.11]
	at org.springframework.beans.TypeConverterDelegate.doConvertTextValue(TypeConverterDelegate.java:439) ~[spring-beans-6.1.11.jar:6.1.11]
	at org.springframework.beans.TypeConverterDelegate.doConvertValue(TypeConverterDelegate.java:412) ~[spring-beans-6.1.11.jar:6.1.11]
	at org.springframework.beans.TypeConverterDelegate.convertIfNecessary(TypeConverterDelegate.java:161) ~[spring-beans-6.1.11.jar:6.1.11]
	at org.springframework.beans.TypeConverterSupport.convertIfNecessary(TypeConverterSupport.java:80) ~[spring-beans-6.1.11.jar:6.1.11]
	at org.springframework.beans.TypeConverterSupport.convertIfNecessary(TypeConverterSupport.java:53) ~[spring-beans-6.1.11.jar:6.1.11]
	at org.springframework.validation.DataBinder.convertIfNecessary(DataBinder.java:860) ~[spring-context-6.1.11.jar:6.1.11]
	at org.springframework.web.method.annotation.AbstractNamedValueMethodArgumentResolver.convertIfNecessary(AbstractNamedValueMethodArgumentResolver.java:294) ~[spring-web-6.1.11.jar:6.1.11]
	... 135 common frames omitted

2026-08-15T10:36:05.567+03:00  INFO 22244 --- [demo] [main] com.ldi.aams.AamsApplication             : Starting AamsApplication using Java 22.0.2 with PID 22244 (C:\Users\Moham\OneDrive\Desktop\PROJECTS\Airline-Mangement\backend\target\classes started by Moham in C:\Users\Moham\OneDrive\Desktop\PROJECTS\Airline-Mangement\backend)
2026-08-15T10:36:05.573+03:00 DEBUG 22244 --- [demo] [main] com.ldi.aams.AamsApplication             : Running with Spring Boot v3.3.2, Spring v6.1.11
2026-08-15T10:36:05.573+03:00  INFO 22244 --- [demo] [main] com.ldi.aams.AamsApplication             : No active profile set, falling back to 1 default profile: "default"
2026-08-15T10:36:08.406+03:00  INFO 22244 --- [demo] [main] .s.d.r.c.RepositoryConfigurationDelegate : Bootstrapping Spring Data JPA repositories in DEFAULT mode.
2026-08-15T10:36:08.633+03:00  INFO 22244 --- [demo] [main] .s.d.r.c.RepositoryConfigurationDelegate : Finished Spring Data repository scanning in 211 ms. Found 14 JPA repository interfaces.
2026-08-15T10:36:10.234+03:00  INFO 22244 --- [demo] [main] o.s.b.w.embedded.tomcat.TomcatWebServer  : Tomcat initialized with port 8082 (http)
2026-08-15T10:36:10.264+03:00  INFO 22244 --- [demo] [main] o.apache.catalina.core.StandardService   : Starting service [Tomcat]
2026-08-15T10:36:10.264+03:00  INFO 22244 --- [demo] [main] o.apache.catalina.core.StandardEngine    : Starting Servlet engine: [Apache Tomcat/10.1.26]
2026-08-15T10:36:10.387+03:00  INFO 22244 --- [demo] [main] o.a.c.c.C.[Tomcat].[localhost].[/]       : Initializing Spring embedded WebApplicationContext
2026-08-15T10:36:10.387+03:00  INFO 22244 --- [demo] [main] w.s.c.ServletWebServerApplicationContext : Root WebApplicationContext: initialization completed in 4707 ms
2026-08-15T10:36:11.052+03:00  INFO 22244 --- [demo] [main] com.zaxxer.hikari.HikariDataSource       : HikariPool-1 - Starting...
2026-08-15T10:36:14.166+03:00  INFO 22244 --- [demo] [main] com.zaxxer.hikari.pool.HikariPool        : HikariPool-1 - Added connection org.postgresql.jdbc.PgConnection@210d3a42
2026-08-15T10:36:14.166+03:00  INFO 22244 --- [demo] [main] com.zaxxer.hikari.HikariDataSource       : HikariPool-1 - Start completed.
2026-08-15T10:36:14.422+03:00  INFO 22244 --- [demo] [main] org.flywaydb.core.FlywayExecutor         : Database: jdbc:postgresql://ep-tiny-night-b1ydnyk0.c-5.eu-central-1.aws.neon.tech/neondb (PostgreSQL 18.4)
2026-08-15T10:36:15.126+03:00  WARN 22244 --- [demo] [main] o.f.c.internal.database.base.Database    : Flyway upgrade recommended: PostgreSQL 18.4 is newer than this version of Flyway and support has not been tested. The latest supported version of PostgreSQL is 16.
2026-08-15T10:36:15.773+03:00  INFO 22244 --- [demo] [main] o.f.core.internal.command.DbValidate     : Successfully validated 15 migrations (execution time 00:00.496s)
2026-08-15T10:36:17.115+03:00  INFO 22244 --- [demo] [main] o.f.core.internal.command.DbMigrate      : Current version of schema "public": 14
2026-08-15T10:36:17.294+03:00  INFO 22244 --- [demo] [main] o.f.core.internal.command.DbMigrate      : Schema "public" is up to date. No migration necessary.
2026-08-15T10:36:18.206+03:00  INFO 22244 --- [demo] [main] o.hibernate.jpa.internal.util.LogHelper  : HHH000204: Processing PersistenceUnitInfo [name: default]
2026-08-15T10:36:18.326+03:00  INFO 22244 --- [demo] [main] org.hibernate.Version                    : HHH000412: Hibernate ORM core version 6.5.2.Final
2026-08-15T10:36:18.405+03:00  INFO 22244 --- [demo] [main] o.h.c.internal.RegionFactoryInitiator    : HHH000026: Second-level cache disabled
2026-08-15T10:36:18.922+03:00  INFO 22244 --- [demo] [main] o.s.o.j.p.SpringPersistenceUnitInfo      : No LoadTimeWeaver setup: ignoring JPA class transformer
2026-08-15T10:36:19.338+03:00  WARN 22244 --- [demo] [main] org.hibernate.orm.deprecation            : HHH90000025: PostgreSQLDialect does not need to be specified explicitly using 'hibernate.dialect' (remove the property setting and it will be selected by default)
2026-08-15T10:36:22.006+03:00  INFO 22244 --- [demo] [main] o.h.e.t.j.p.i.JtaPlatformInitiator       : HHH000489: No JTA platform available (set 'hibernate.transaction.jta.platform' to enable JTA platform integration)
2026-08-15T10:36:28.642+03:00  INFO 22244 --- [demo] [main] j.LocalContainerEntityManagerFactoryBean : Initialized JPA EntityManagerFactory for persistence unit 'default'
2026-08-15T10:36:29.757+03:00 DEBUG 22244 --- [demo] [main] c.ldi.aams.auth.internal.JwtAuthFilter   : Filter 'jwtAuthFilter' configured for use
2026-08-15T10:36:30.312+03:00  INFO 22244 --- [demo] [main] eAuthenticationProviderManagerConfigurer : Global AuthenticationManager configured with AuthenticationProvider bean with name authenticationProvider
2026-08-15T10:36:30.312+03:00  WARN 22244 --- [demo] [main] r$InitializeUserDetailsManagerConfigurer : Global AuthenticationManager configured with an AuthenticationProvider bean. UserDetailsService beans will not be used for username/password login. Consider removing the AuthenticationProvider bean. Alternatively, consider using the UserDetailsService in a manually instantiated DaoAuthenticationProvider.
2026-08-15T10:36:30.882+03:00  INFO 22244 --- [demo] [main] o.s.d.j.r.query.QueryEnhancerFactory     : Hibernate is in classpath; If applicable, HQL parser will be used.
2026-08-15T10:36:32.401+03:00  WARN 22244 --- [demo] [main] JpaBaseConfiguration$JpaWebConfiguration : spring.jpa.open-in-view is enabled by default. Therefore, database queries may be performed during view rendering. Explicitly configure spring.jpa.open-in-view to disable this warning
2026-08-15T10:36:33.162+03:00  INFO 22244 --- [demo] [main] o.s.b.a.e.web.EndpointLinksResolver      : Exposing 1 endpoint beneath base path '/actuator'
2026-08-15T10:36:34.342+03:00  WARN 22244 --- [demo] [main] ConfigServletWebServerApplicationContext : Exception encountered during context initialization - cancelling refresh attempt: org.springframework.context.ApplicationContextException: Failed to start bean 'webServerStartStop'
2026-08-15T10:36:34.819+03:00  INFO 22244 --- [demo] [main] .s.m.e.c.DefaultEventPublicationRegistry : No publications outstanding!
2026-08-15T10:36:34.829+03:00  INFO 22244 --- [demo] [main] j.LocalContainerEntityManagerFactoryBean : Closing JPA EntityManagerFactory for persistence unit 'default'
2026-08-15T10:36:34.835+03:00  INFO 22244 --- [demo] [main] com.zaxxer.hikari.HikariDataSource       : HikariPool-1 - Shutdown initiated...
2026-08-15T10:36:35.805+03:00  INFO 22244 --- [demo] [main] com.zaxxer.hikari.HikariDataSource       : HikariPool-1 - Shutdown completed.
2026-08-15T10:36:35.842+03:00  INFO 22244 --- [demo] [main] .s.b.a.l.ConditionEvaluationReportLogger : 

Error starting ApplicationContext. To display the condition evaluation report re-run your application with 'debug' enabled.
2026-08-15T10:36:35.876+03:00 ERROR 22244 --- [demo] [main] o.s.b.d.LoggingFailureAnalysisReporter   : 

***************************
APPLICATION FAILED TO START
***************************

Description:

Web server failed to start. Port 8082 was already in use.

Action:

Identify and stop the process that's listening on port 8082 or configure this application to listen on another port.

2026-08-15T10:37:33.747+03:00  INFO 17348 --- [demo] [main] com.ldi.aams.AamsApplication             : Starting AamsApplication using Java 22.0.2 with PID 17348 (C:\Users\Moham\OneDrive\Desktop\PROJECTS\Airline-Mangement\backend\target\classes started by Moham in C:\Users\Moham\OneDrive\Desktop\PROJECTS\Airline-Mangement\backend)
2026-08-15T10:37:33.749+03:00 DEBUG 17348 --- [demo] [main] com.ldi.aams.AamsApplication             : Running with Spring Boot v3.3.2, Spring v6.1.11
2026-08-15T10:37:33.752+03:00  INFO 17348 --- [demo] [main] com.ldi.aams.AamsApplication             : No active profile set, falling back to 1 default profile: "default"
2026-08-15T10:37:36.675+03:00  INFO 17348 --- [demo] [main] .s.d.r.c.RepositoryConfigurationDelegate : Bootstrapping Spring Data JPA repositories in DEFAULT mode.
2026-08-15T10:37:37.000+03:00  INFO 17348 --- [demo] [main] .s.d.r.c.RepositoryConfigurationDelegate : Finished Spring Data repository scanning in 303 ms. Found 14 JPA repository interfaces.
2026-08-15T10:37:39.581+03:00  INFO 17348 --- [demo] [main] o.s.b.w.embedded.tomcat.TomcatWebServer  : Tomcat initialized with port 8082 (http)
2026-08-15T10:37:39.622+03:00  INFO 17348 --- [demo] [main] o.apache.catalina.core.StandardService   : Starting service [Tomcat]
2026-08-15T10:37:39.622+03:00  INFO 17348 --- [demo] [main] o.apache.catalina.core.StandardEngine    : Starting Servlet engine: [Apache Tomcat/10.1.26]
2026-08-15T10:37:39.821+03:00  INFO 17348 --- [demo] [main] o.a.c.c.C.[Tomcat].[localhost].[/]       : Initializing Spring embedded WebApplicationContext
2026-08-15T10:37:39.823+03:00  INFO 17348 --- [demo] [main] w.s.c.ServletWebServerApplicationContext : Root WebApplicationContext: initialization completed in 6001 ms
2026-08-15T10:37:40.962+03:00  INFO 17348 --- [demo] [main] com.zaxxer.hikari.HikariDataSource       : HikariPool-1 - Starting...
2026-08-15T10:37:43.229+03:00  INFO 17348 --- [demo] [main] com.zaxxer.hikari.pool.HikariPool        : HikariPool-1 - Added connection org.postgresql.jdbc.PgConnection@7d17906
2026-08-15T10:37:43.234+03:00  INFO 17348 --- [demo] [main] com.zaxxer.hikari.HikariDataSource       : HikariPool-1 - Start completed.
2026-08-15T10:37:43.552+03:00  INFO 17348 --- [demo] [main] org.flywaydb.core.FlywayExecutor         : Database: jdbc:postgresql://ep-tiny-night-b1ydnyk0.c-5.eu-central-1.aws.neon.tech/neondb (PostgreSQL 18.4)
2026-08-15T10:37:44.278+03:00  WARN 17348 --- [demo] [main] o.f.c.internal.database.base.Database    : Flyway upgrade recommended: PostgreSQL 18.4 is newer than this version of Flyway and support has not been tested. The latest supported version of PostgreSQL is 16.
2026-08-15T10:37:44.952+03:00  INFO 17348 --- [demo] [main] o.f.core.internal.command.DbValidate     : Successfully validated 15 migrations (execution time 00:00.550s)
2026-08-15T10:37:46.241+03:00  INFO 17348 --- [demo] [main] o.f.core.internal.command.DbMigrate      : Current version of schema "public": 14
2026-08-15T10:37:46.434+03:00  INFO 17348 --- [demo] [main] o.f.core.internal.command.DbMigrate      : Schema "public" is up to date. No migration necessary.
2026-08-15T10:37:47.511+03:00  INFO 17348 --- [demo] [main] o.hibernate.jpa.internal.util.LogHelper  : HHH000204: Processing PersistenceUnitInfo [name: default]
2026-08-15T10:37:47.711+03:00  INFO 17348 --- [demo] [main] org.hibernate.Version                    : HHH000412: Hibernate ORM core version 6.5.2.Final
2026-08-15T10:37:47.852+03:00  INFO 17348 --- [demo] [main] o.h.c.internal.RegionFactoryInitiator    : HHH000026: Second-level cache disabled
2026-08-15T10:37:48.733+03:00  INFO 17348 --- [demo] [main] o.s.o.j.p.SpringPersistenceUnitInfo      : No LoadTimeWeaver setup: ignoring JPA class transformer
2026-08-15T10:37:49.111+03:00  WARN 17348 --- [demo] [main] org.hibernate.orm.deprecation            : HHH90000025: PostgreSQLDialect does not need to be specified explicitly using 'hibernate.dialect' (remove the property setting and it will be selected by default)
2026-08-15T10:37:52.997+03:00  INFO 17348 --- [demo] [main] o.h.e.t.j.p.i.JtaPlatformInitiator       : HHH000489: No JTA platform available (set 'hibernate.transaction.jta.platform' to enable JTA platform integration)
2026-08-15T10:37:59.651+03:00  INFO 17348 --- [demo] [main] j.LocalContainerEntityManagerFactoryBean : Initialized JPA EntityManagerFactory for persistence unit 'default'
2026-08-15T10:38:00.844+03:00 DEBUG 17348 --- [demo] [main] c.ldi.aams.auth.internal.JwtAuthFilter   : Filter 'jwtAuthFilter' configured for use
2026-08-15T10:38:01.502+03:00  INFO 17348 --- [demo] [main] eAuthenticationProviderManagerConfigurer : Global AuthenticationManager configured with AuthenticationProvider bean with name authenticationProvider
2026-08-15T10:38:01.504+03:00  WARN 17348 --- [demo] [main] r$InitializeUserDetailsManagerConfigurer : Global AuthenticationManager configured with an AuthenticationProvider bean. UserDetailsService beans will not be used for username/password login. Consider removing the AuthenticationProvider bean. Alternatively, consider using the UserDetailsService in a manually instantiated DaoAuthenticationProvider.
2026-08-15T10:38:02.056+03:00  INFO 17348 --- [demo] [main] o.s.d.j.r.query.QueryEnhancerFactory     : Hibernate is in classpath; If applicable, HQL parser will be used.
2026-08-15T10:38:04.032+03:00  WARN 17348 --- [demo] [main] JpaBaseConfiguration$JpaWebConfiguration : spring.jpa.open-in-view is enabled by default. Therefore, database queries may be performed during view rendering. Explicitly configure spring.jpa.open-in-view to disable this warning
2026-08-15T10:38:05.282+03:00  INFO 17348 --- [demo] [main] o.s.b.a.e.web.EndpointLinksResolver      : Exposing 1 endpoint beneath base path '/actuator'
2026-08-15T10:38:07.330+03:00  INFO 17348 --- [demo] [main] o.s.b.w.embedded.tomcat.TomcatWebServer  : Tomcat started on port 8082 (http) with context path '/'
2026-08-15T10:38:07.373+03:00  INFO 17348 --- [demo] [main] o.s.s.config.TaskSchedulerRouter         : No TaskScheduler/ScheduledExecutorService bean found for scheduled processing
2026-08-15T10:38:07.398+03:00  INFO 17348 --- [demo] [main] com.ldi.aams.AamsApplication             : Started AamsApplication in 34.76 seconds (process running for 35.849)
2026-08-15T10:39:56.676+03:00  INFO 17348 --- [demo] [http-nio-8082-exec-1] o.a.c.c.C.[Tomcat].[localhost].[/]       : Initializing Spring DispatcherServlet 'dispatcherServlet'
2026-08-15T10:39:56.695+03:00  INFO 17348 --- [demo] [http-nio-8082-exec-1] o.s.web.servlet.DispatcherServlet        : Initializing Servlet 'dispatcherServlet'
2026-08-15T10:39:56.959+03:00  INFO 17348 --- [demo] [http-nio-8082-exec-1] o.s.web.servlet.DispatcherServlet        : Completed initialization in 256 ms
2026-08-15T12:04:39.092+03:00  WARN 17348 --- [demo] [HikariPool-1 housekeeper] com.zaxxer.hikari.pool.HikariPool        : HikariPool-1 - Thread starvation or clock leap detected (housekeeper delta=2m27s856ms85µs400ns).
2026-08-15T12:10:30.217+03:00  WARN 17348 --- [demo] [HikariPool-1 housekeeper] com.zaxxer.hikari.pool.HikariPool        : HikariPool-1 - Thread starvation or clock leap detected (housekeeper delta=5m54s666ms861µs100ns).
2026-08-15T12:15:39.762+03:00  INFO 17348 --- [demo] [SpringApplicationShutdownHook] .s.m.e.c.DefaultEventPublicationRegistry : No publications outstanding!
2026-08-15T12:15:39.834+03:00  INFO 17348 --- [demo] [SpringApplicationShutdownHook] j.LocalContainerEntityManagerFactoryBean : Closing JPA EntityManagerFactory for persistence unit 'default'
2026-08-15T12:15:39.896+03:00  INFO 17348 --- [demo] [SpringApplicationShutdownHook] com.zaxxer.hikari.HikariDataSource       : HikariPool-1 - Shutdown initiated...
2026-08-15T12:15:40.916+03:00  INFO 17348 --- [demo] [SpringApplicationShutdownHook] com.zaxxer.hikari.HikariDataSource       : HikariPool-1 - Shutdown completed.
2026-08-15T12:16:09.387+03:00  INFO 26180 --- [demo] [main] com.ldi.aams.AamsApplication             : Starting AamsApplication using Java 22.0.2 with PID 26180 (C:\Users\Moham\OneDrive\Desktop\PROJECTS\Airline-Mangement\backend\target\classes started by Moham in C:\Users\Moham\OneDrive\Desktop\PROJECTS\Airline-Mangement\backend)
2026-08-15T12:16:09.387+03:00 DEBUG 26180 --- [demo] [main] com.ldi.aams.AamsApplication             : Running with Spring Boot v3.3.2, Spring v6.1.11
2026-08-15T12:16:09.387+03:00  INFO 26180 --- [demo] [main] com.ldi.aams.AamsApplication             : No active profile set, falling back to 1 default profile: "default"
2026-08-15T12:16:11.312+03:00  INFO 26180 --- [demo] [main] .s.d.r.c.RepositoryConfigurationDelegate : Bootstrapping Spring Data JPA repositories in DEFAULT mode.
2026-08-15T12:16:11.450+03:00  INFO 26180 --- [demo] [main] .s.d.r.c.RepositoryConfigurationDelegate : Finished Spring Data repository scanning in 137 ms. Found 14 JPA repository interfaces.
2026-08-15T12:16:12.513+03:00  INFO 26180 --- [demo] [main] o.s.b.w.embedded.tomcat.TomcatWebServer  : Tomcat initialized with port 8082 (http)
2026-08-15T12:16:12.527+03:00  INFO 26180 --- [demo] [main] o.apache.catalina.core.StandardService   : Starting service [Tomcat]
2026-08-15T12:16:12.528+03:00  INFO 26180 --- [demo] [main] o.apache.catalina.core.StandardEngine    : Starting Servlet engine: [Apache Tomcat/10.1.26]
2026-08-15T12:16:12.601+03:00  INFO 26180 --- [demo] [main] o.a.c.c.C.[Tomcat].[localhost].[/]       : Initializing Spring embedded WebApplicationContext
2026-08-15T12:16:12.602+03:00  INFO 26180 --- [demo] [main] w.s.c.ServletWebServerApplicationContext : Root WebApplicationContext: initialization completed in 3151 ms
2026-08-15T12:16:13.042+03:00  INFO 26180 --- [demo] [main] com.zaxxer.hikari.HikariDataSource       : HikariPool-1 - Starting...
2026-08-15T12:16:16.184+03:00  INFO 26180 --- [demo] [main] com.zaxxer.hikari.pool.HikariPool        : HikariPool-1 - Added connection org.postgresql.jdbc.PgConnection@69de72ec
2026-08-15T12:16:16.184+03:00  INFO 26180 --- [demo] [main] com.zaxxer.hikari.HikariDataSource       : HikariPool-1 - Start completed.
2026-08-15T12:16:16.444+03:00  INFO 26180 --- [demo] [main] org.flywaydb.core.FlywayExecutor         : Database: jdbc:postgresql://ep-tiny-night-b1ydnyk0.c-5.eu-central-1.aws.neon.tech/neondb (PostgreSQL 18.4)
2026-08-15T12:16:17.291+03:00  WARN 26180 --- [demo] [main] o.f.c.internal.database.base.Database    : Flyway upgrade recommended: PostgreSQL 18.4 is newer than this version of Flyway and support has not been tested. The latest supported version of PostgreSQL is 16.
2026-08-15T12:16:20.034+03:00  INFO 26180 --- [demo] [main] o.f.core.internal.command.DbValidate     : Successfully validated 16 migrations (execution time 00:02.535s)
2026-08-15T12:16:22.690+03:00  INFO 26180 --- [demo] [main] o.f.core.internal.command.DbMigrate      : Current version of schema "public": 14
2026-08-15T12:16:23.334+03:00  INFO 26180 --- [demo] [main] o.f.core.internal.command.DbMigrate      : Migrating schema "public" to version "15 - add note delete permission"
2026-08-15T12:16:29.141+03:00  INFO 26180 --- [demo] [main] o.f.core.internal.command.DbMigrate      : Successfully applied 1 migration to schema "public", now at version v15 (execution time 00:01.232s)
2026-08-15T12:16:30.508+03:00  INFO 26180 --- [demo] [main] o.hibernate.jpa.internal.util.LogHelper  : HHH000204: Processing PersistenceUnitInfo [name: default]
2026-08-15T12:16:30.583+03:00  INFO 26180 --- [demo] [main] org.hibernate.Version                    : HHH000412: Hibernate ORM core version 6.5.2.Final
2026-08-15T12:16:30.637+03:00  INFO 26180 --- [demo] [main] o.h.c.internal.RegionFactoryInitiator    : HHH000026: Second-level cache disabled
2026-08-15T12:16:30.976+03:00  INFO 26180 --- [demo] [main] o.s.o.j.p.SpringPersistenceUnitInfo      : No LoadTimeWeaver setup: ignoring JPA class transformer
2026-08-15T12:16:35.081+03:00  WARN 26180 --- [demo] [main] org.hibernate.orm.deprecation            : HHH90000025: PostgreSQLDialect does not need to be specified explicitly using 'hibernate.dialect' (remove the property setting and it will be selected by default)
2026-08-15T12:16:37.328+03:00  INFO 26180 --- [demo] [main] o.h.e.t.j.p.i.JtaPlatformInitiator       : HHH000489: No JTA platform available (set 'hibernate.transaction.jta.platform' to enable JTA platform integration)
2026-08-15T12:16:52.394+03:00  INFO 26180 --- [demo] [main] j.LocalContainerEntityManagerFactoryBean : Initialized JPA EntityManagerFactory for persistence unit 'default'
2026-08-15T12:16:52.785+03:00 DEBUG 26180 --- [demo] [main] c.ldi.aams.auth.internal.JwtAuthFilter   : Filter 'jwtAuthFilter' configured for use
2026-08-15T12:16:53.064+03:00  INFO 26180 --- [demo] [main] eAuthenticationProviderManagerConfigurer : Global AuthenticationManager configured with AuthenticationProvider bean with name authenticationProvider
2026-08-15T12:16:53.066+03:00  WARN 26180 --- [demo] [main] r$InitializeUserDetailsManagerConfigurer : Global AuthenticationManager configured with an AuthenticationProvider bean. UserDetailsService beans will not be used for username/password login. Consider removing the AuthenticationProvider bean. Alternatively, consider using the UserDetailsService in a manually instantiated DaoAuthenticationProvider.
2026-08-15T12:16:53.283+03:00  INFO 26180 --- [demo] [main] o.s.d.j.r.query.QueryEnhancerFactory     : Hibernate is in classpath; If applicable, HQL parser will be used.
2026-08-15T12:16:54.106+03:00  WARN 26180 --- [demo] [main] JpaBaseConfiguration$JpaWebConfiguration : spring.jpa.open-in-view is enabled by default. Therefore, database queries may be performed during view rendering. Explicitly configure spring.jpa.open-in-view to disable this warning
2026-08-15T12:16:54.780+03:00  INFO 26180 --- [demo] [main] o.s.b.a.e.web.EndpointLinksResolver      : Exposing 1 endpoint beneath base path '/actuator'
2026-08-15T12:16:55.714+03:00  INFO 26180 --- [demo] [main] o.s.b.w.embedded.tomcat.TomcatWebServer  : Tomcat started on port 8082 (http) with context path '/'
2026-08-15T12:16:55.742+03:00  INFO 26180 --- [demo] [main] o.s.s.config.TaskSchedulerRouter         : No TaskScheduler/ScheduledExecutorService bean found for scheduled processing
2026-08-15T12:16:55.756+03:00  INFO 26180 --- [demo] [main] com.ldi.aams.AamsApplication             : Started AamsApplication in 47.186 seconds (process running for 48.062)
2026-08-15T12:27:27.194+03:00  INFO 26180 --- [demo] [http-nio-8082-exec-1] o.a.c.c.C.[Tomcat].[localhost].[/]       : Initializing Spring DispatcherServlet 'dispatcherServlet'
2026-08-15T12:27:27.209+03:00  INFO 26180 --- [demo] [http-nio-8082-exec-1] o.s.web.servlet.DispatcherServlet        : Initializing Servlet 'dispatcherServlet'
2026-08-15T12:27:27.324+03:00  INFO 26180 --- [demo] [http-nio-8082-exec-1] o.s.web.servlet.DispatcherServlet        : Completed initialization in 112 ms
2026-08-15T12:27:28.425+03:00  WARN 26180 --- [demo] [http-nio-8082-exec-8] com.zaxxer.hikari.pool.PoolBase          : HikariPool-1 - Failed to validate connection org.postgresql.jdbc.PgConnection@69de72ec (This connection has been closed.). Possibly consider using a shorter maxLifetime value.
2026-08-15T12:27:28.425+03:00  WARN 26180 --- [demo] [http-nio-8082-exec-7] com.zaxxer.hikari.pool.PoolBase          : HikariPool-1 - Failed to validate connection org.postgresql.jdbc.PgConnection@72723e0a (This connection has been closed.). Possibly consider using a shorter maxLifetime value.
2026-08-15T12:27:28.431+03:00  WARN 26180 --- [demo] [http-nio-8082-exec-8] com.zaxxer.hikari.pool.PoolBase          : HikariPool-1 - Failed to validate connection org.postgresql.jdbc.PgConnection@5a616efc (This connection has been closed.). Possibly consider using a shorter maxLifetime value.
2026-08-15T12:27:28.431+03:00  WARN 26180 --- [demo] [http-nio-8082-exec-7] com.zaxxer.hikari.pool.PoolBase          : HikariPool-1 - Failed to validate connection org.postgresql.jdbc.PgConnection@6cea5eba (This connection has been closed.). Possibly consider using a shorter maxLifetime value.
2026-08-15T12:27:28.437+03:00  WARN 26180 --- [demo] [http-nio-8082-exec-7] com.zaxxer.hikari.pool.PoolBase          : HikariPool-1 - Failed to validate connection org.postgresql.jdbc.PgConnection@f8bbf43 (This connection has been closed.). Possibly consider using a shorter maxLifetime value.
2026-08-15T12:27:28.437+03:00  WARN 26180 --- [demo] [http-nio-8082-exec-8] com.zaxxer.hikari.pool.PoolBase          : HikariPool-1 - Failed to validate connection org.postgresql.jdbc.PgConnection@2f1bea20 (This connection has been closed.). Possibly consider using a shorter maxLifetime value.
2026-08-15T12:27:28.441+03:00  WARN 26180 --- [demo] [http-nio-8082-exec-7] com.zaxxer.hikari.pool.PoolBase          : HikariPool-1 - Failed to validate connection org.postgresql.jdbc.PgConnection@6e980c11 (This connection has been closed.). Possibly consider using a shorter maxLifetime value.
2026-08-15T12:27:28.445+03:00  WARN 26180 --- [demo] [http-nio-8082-exec-8] com.zaxxer.hikari.pool.PoolBase          : HikariPool-1 - Failed to validate connection org.postgresql.jdbc.PgConnection@3b36b445 (This connection has been closed.). Possibly consider using a shorter maxLifetime value.
2026-08-15T12:27:28.447+03:00  WARN 26180 --- [demo] [http-nio-8082-exec-7] com.zaxxer.hikari.pool.PoolBase          : HikariPool-1 - Failed to validate connection org.postgresql.jdbc.PgConnection@7bb7f69e (This connection has been closed.). Possibly consider using a shorter maxLifetime value.
2026-08-15T12:27:28.448+03:00  WARN 26180 --- [demo] [http-nio-8082-exec-8] com.zaxxer.hikari.pool.PoolBase          : HikariPool-1 - Failed to validate connection org.postgresql.jdbc.PgConnection@12a1c76f (This connection has been closed.). Possibly consider using a shorter maxLifetime value.
2026-08-15T12:31:55.422+03:00 ERROR 26180 --- [demo] [http-nio-8082-exec-1] c.l.a.c.e.GlobalExceptionHandler         : Unhandled exception

org.springframework.web.context.request.async.AsyncRequestNotUsableException: ServletOutputStream failed to write: java.io.IOException: An established connection was aborted by the software in your host machine
	at org.springframework.web.context.request.async.StandardServletAsyncWebRequest$LifecycleHttpServletResponse.handleIOException(StandardServletAsyncWebRequest.java:320) ~[spring-web-6.1.11.jar:6.1.11]
	at org.springframework.web.context.request.async.StandardServletAsyncWebRequest$LifecycleServletOutputStream.write(StandardServletAsyncWebRequest.java:378) ~[spring-web-6.1.11.jar:6.1.11]
	at org.springframework.util.StreamUtils$NonClosingOutputStream.write(StreamUtils.java:261) ~[spring-core-6.1.11.jar:6.1.11]
	at com.fasterxml.jackson.core.json.UTF8JsonGenerator._flushBuffer(UTF8JsonGenerator.java:2210) ~[jackson-core-2.17.2.jar:2.17.2]
	at com.fasterxml.jackson.core.json.UTF8JsonGenerator.writeString(UTF8JsonGenerator.java:528) ~[jackson-core-2.17.2.jar:2.17.2]
	at com.fasterxml.jackson.databind.ser.std.StringSerializer.serialize(StringSerializer.java:41) ~[jackson-databind-2.17.2.jar:2.17.2]
	at com.fasterxml.jackson.databind.ser.BeanPropertyWriter.serializeAsField(BeanPropertyWriter.java:732) ~[jackson-databind-2.17.2.jar:2.17.2]
	at com.fasterxml.jackson.databind.ser.std.BeanSerializerBase.serializeFields(BeanSerializerBase.java:770) ~[jackson-databind-2.17.2.jar:2.17.2]
	at com.fasterxml.jackson.databind.ser.BeanSerializer.serialize(BeanSerializer.java:183) ~[jackson-databind-2.17.2.jar:2.17.2]
	at com.fasterxml.jackson.databind.ser.impl.IndexedListSerializer.serializeContents(IndexedListSerializer.java:119) ~[jackson-databind-2.17.2.jar:2.17.2]
	at com.fasterxml.jackson.databind.ser.impl.IndexedListSerializer.serialize(IndexedListSerializer.java:79) ~[jackson-databind-2.17.2.jar:2.17.2]
	at com.fasterxml.jackson.databind.ser.impl.IndexedListSerializer.serialize(IndexedListSerializer.java:18) ~[jackson-databind-2.17.2.jar:2.17.2]
	at com.fasterxml.jackson.databind.ser.BeanPropertyWriter.serializeAsField(BeanPropertyWriter.java:732) ~[jackson-databind-2.17.2.jar:2.17.2]
	at com.fasterxml.jackson.databind.ser.std.BeanSerializerBase.serializeFields(BeanSerializerBase.java:770) ~[jackson-databind-2.17.2.jar:2.17.2]
	at com.fasterxml.jackson.databind.ser.BeanSerializer.serialize(BeanSerializer.java:183) ~[jackson-databind-2.17.2.jar:2.17.2]
	at com.fasterxml.jackson.databind.ser.DefaultSerializerProvider._serialize(DefaultSerializerProvider.java:502) ~[jackson-databind-2.17.2.jar:2.17.2]
	at com.fasterxml.jackson.databind.ser.DefaultSerializerProvider.serializeValue(DefaultSerializerProvider.java:341) ~[jackson-databind-2.17.2.jar:2.17.2]
	at com.fasterxml.jackson.databind.ObjectWriter$Prefetch.serialize(ObjectWriter.java:1574) ~[jackson-databind-2.17.2.jar:2.17.2]
	at com.fasterxml.jackson.databind.ObjectWriter.writeValue(ObjectWriter.java:1061) ~[jackson-databind-2.17.2.jar:2.17.2]
	at org.springframework.http.converter.json.AbstractJackson2HttpMessageConverter.writeInternal(AbstractJackson2HttpMessageConverter.java:483) ~[spring-web-6.1.11.jar:6.1.11]
	at org.springframework.http.converter.AbstractGenericHttpMessageConverter.write(AbstractGenericHttpMessageConverter.java:114) ~[spring-web-6.1.11.jar:6.1.11]
	at org.springframework.web.servlet.mvc.method.annotation.AbstractMessageConverterMethodProcessor.writeWithMessageConverters(AbstractMessageConverterMethodProcessor.java:297) ~[spring-webmvc-6.1.11.jar:6.1.11]
	at org.springframework.web.servlet.mvc.method.annotation.HttpEntityMethodProcessor.handleReturnValue(HttpEntityMethodProcessor.java:245) ~[spring-webmvc-6.1.11.jar:6.1.11]
	at org.springframework.web.method.support.HandlerMethodReturnValueHandlerComposite.handleReturnValue(HandlerMethodReturnValueHandlerComposite.java:78) ~[spring-web-6.1.11.jar:6.1.11]
	at org.springframework.web.servlet.mvc.method.annotation.ServletInvocableHandlerMethod.invokeAndHandle(ServletInvocableHandlerMethod.java:136) ~[spring-webmvc-6.1.11.jar:6.1.11]
	at org.springframework.web.servlet.mvc.method.annotation.RequestMappingHandlerAdapter.invokeHandlerMethod(RequestMappingHandlerAdapter.java:926) ~[spring-webmvc-6.1.11.jar:6.1.11]
	at org.springframework.web.servlet.mvc.method.annotation.RequestMappingHandlerAdapter.handleInternal(RequestMappingHandlerAdapter.java:831) ~[spring-webmvc-6.1.11.jar:6.1.11]
	at org.springframework.web.servlet.mvc.method.AbstractHandlerMethodAdapter.handle(AbstractHandlerMethodAdapter.java:87) ~[spring-webmvc-6.1.11.jar:6.1.11]
	at org.springframework.web.servlet.DispatcherServlet.doDispatch(DispatcherServlet.java:1089) ~[spring-webmvc-6.1.11.jar:6.1.11]
	at org.springframework.web.servlet.DispatcherServlet.doService(DispatcherServlet.java:979) ~[spring-webmvc-6.1.11.jar:6.1.11]
	at org.springframework.web.servlet.FrameworkServlet.processRequest(FrameworkServlet.java:1014) ~[spring-webmvc-6.1.11.jar:6.1.11]
	at org.springframework.web.servlet.FrameworkServlet.doPost(FrameworkServlet.java:914) ~[spring-webmvc-6.1.11.jar:6.1.11]
	at jakarta.servlet.http.HttpServlet.service(HttpServlet.java:590) ~[tomcat-embed-core-10.1.26.jar:10.1.26]
	at org.springframework.web.servlet.FrameworkServlet.service(FrameworkServlet.java:885) ~[spring-webmvc-6.1.11.jar:6.1.11]
	at jakarta.servlet.http.HttpServlet.service(HttpServlet.java:658) ~[tomcat-embed-core-10.1.26.jar:10.1.26]
	at org.apache.catalina.core.ApplicationFilterChain.internalDoFilter(ApplicationFilterChain.java:195) ~[tomcat-embed-core-10.1.26.jar:10.1.26]
	at org.apache.catalina.core.ApplicationFilterChain.doFilter(ApplicationFilterChain.java:140) ~[tomcat-embed-core-10.1.26.jar:10.1.26]
	at org.apache.tomcat.websocket.server.WsFilter.doFilter(WsFilter.java:51) ~[tomcat-embed-websocket-10.1.26.jar:10.1.26]
	at org.apache.catalina.core.ApplicationFilterChain.internalDoFilter(ApplicationFilterChain.java:164) ~[tomcat-embed-core-10.1.26.jar:10.1.26]
	at org.apache.catalina.core.ApplicationFilterChain.doFilter(ApplicationFilterChain.java:140) ~[tomcat-embed-core-10.1.26.jar:10.1.26]
	at org.springframework.web.filter.OncePerRequestFilter.doFilter(OncePerRequestFilter.java:110) ~[spring-web-6.1.11.jar:6.1.11]
	at org.apache.catalina.core.ApplicationFilterChain.internalDoFilter(ApplicationFilterChain.java:164) ~[tomcat-embed-core-10.1.26.jar:10.1.26]
	at org.apache.catalina.core.ApplicationFilterChain.doFilter(ApplicationFilterChain.java:140) ~[tomcat-embed-core-10.1.26.jar:10.1.26]
	at org.springframework.web.filter.CompositeFilter$VirtualFilterChain.doFilter(CompositeFilter.java:108) ~[spring-web-6.1.11.jar:6.1.11]
	at org.springframework.security.web.FilterChainProxy.lambda$doFilterInternal$3(FilterChainProxy.java:231) ~[spring-security-web-6.3.1.jar:6.3.1]
	at org.springframework.security.web.ObservationFilterChainDecorator$FilterObservation$SimpleFilterObservation.lambda$wrap$1(ObservationFilterChainDecorator.java:479) ~[spring-security-web-6.3.1.jar:6.3.1]
	at org.springframework.security.web.ObservationFilterChainDecorator$AroundFilterObservation$SimpleAroundFilterObservation.lambda$wrap$1(ObservationFilterChainDecorator.java:340) ~[spring-security-web-6.3.1.jar:6.3.1]
	at org.springframework.security.web.ObservationFilterChainDecorator.lambda$wrapSecured$0(ObservationFilterChainDecorator.java:82) ~[spring-security-web-6.3.1.jar:6.3.1]
	at org.springframework.security.web.ObservationFilterChainDecorator$VirtualFilterChain.doFilter(ObservationFilterChainDecorator.java:128) ~[spring-security-web-6.3.1.jar:6.3.1]
	at org.springframework.security.web.access.intercept.AuthorizationFilter.doFilter(AuthorizationFilter.java:100) ~[spring-security-web-6.3.1.jar:6.3.1]
	at org.springframework.security.web.ObservationFilterChainDecorator$ObservationFilter.wrapFilter(ObservationFilterChainDecorator.java:240) ~[spring-security-web-6.3.1.jar:6.3.1]
	at org.springframework.security.web.ObservationFilterChainDecorator$ObservationFilter.doFilter(ObservationFilterChainDecorator.java:227) ~[spring-security-web-6.3.1.jar:6.3.1]
	at org.springframework.security.web.ObservationFilterChainDecorator$VirtualFilterChain.doFilter(ObservationFilterChainDecorator.java:137) ~[spring-security-web-6.3.1.jar:6.3.1]
	at org.springframework.security.web.access.ExceptionTranslationFilter.doFilter(ExceptionTranslationFilter.java:126) ~[spring-security-web-6.3.1.jar:6.3.1]
	at org.springframework.security.web.access.ExceptionTranslationFilter.doFilter(ExceptionTranslationFilter.java:120) ~[spring-security-web-6.3.1.jar:6.3.1]
	at org.springframework.security.web.ObservationFilterChainDecorator$ObservationFilter.wrapFilter(ObservationFilterChainDecorator.java:240) ~[spring-security-web-6.3.1.jar:6.3.1]
	at org.springframework.security.web.ObservationFilterChainDecorator$ObservationFilter.doFilter(ObservationFilterChainDecorator.java:227) ~[spring-security-web-6.3.1.jar:6.3.1]
	at org.springframework.security.web.ObservationFilterChainDecorator$VirtualFilterChain.doFilter(ObservationFilterChainDecorator.java:137) ~[spring-security-web-6.3.1.jar:6.3.1]
	at org.springframework.security.web.session.SessionManagementFilter.doFilter(SessionManagementFilter.java:131) ~[spring-security-web-6.3.1.jar:6.3.1]
	at org.springframework.security.web.session.SessionManagementFilter.doFilter(SessionManagementFilter.java:85) ~[spring-security-web-6.3.1.jar:6.3.1]
	at org.springframework.security.web.ObservationFilterChainDecorator$ObservationFilter.wrapFilter(ObservationFilterChainDecorator.java:240) ~[spring-security-web-6.3.1.jar:6.3.1]
	at org.springframework.security.web.ObservationFilterChainDecorator$ObservationFilter.doFilter(ObservationFilterChainDecorator.java:227) ~[spring-security-web-6.3.1.jar:6.3.1]
	at org.springframework.security.web.ObservationFilterChainDecorator$VirtualFilterChain.doFilter(ObservationFilterChainDecorator.java:137) ~[spring-security-web-6.3.1.jar:6.3.1]
	at org.springframework.security.web.authentication.AnonymousAuthenticationFilter.doFilter(AnonymousAuthenticationFilter.java:100) ~[spring-security-web-6.3.1.jar:6.3.1]
	at org.springframework.security.web.ObservationFilterChainDecorator$ObservationFilter.wrapFilter(ObservationFilterChainDecorator.java:240) ~[spring-security-web-6.3.1.jar:6.3.1]
	at org.springframework.security.web.ObservationFilterChainDecorator$ObservationFilter.doFilter(ObservationFilterChainDecorator.java:227) ~[spring-security-web-6.3.1.jar:6.3.1]
	at org.springframework.security.web.ObservationFilterChainDecorator$VirtualFilterChain.doFilter(ObservationFilterChainDecorator.java:137) ~[spring-security-web-6.3.1.jar:6.3.1]
	at org.springframework.security.web.servletapi.SecurityContextHolderAwareRequestFilter.doFilter(SecurityContextHolderAwareRequestFilter.java:179) ~[spring-security-web-6.3.1.jar:6.3.1]
	at org.springframework.security.web.ObservationFilterChainDecorator$ObservationFilter.wrapFilter(ObservationFilterChainDecorator.java:240) ~[spring-security-web-6.3.1.jar:6.3.1]
	at org.springframework.security.web.ObservationFilterChainDecorator$ObservationFilter.doFilter(ObservationFilterChainDecorator.java:227) ~[spring-security-web-6.3.1.jar:6.3.1]
	at org.springframework.security.web.ObservationFilterChainDecorator$VirtualFilterChain.doFilter(ObservationFilterChainDecorator.java:137) ~[spring-security-web-6.3.1.jar:6.3.1]
	at org.springframework.security.web.savedrequest.RequestCacheAwareFilter.doFilter(RequestCacheAwareFilter.java:63) ~[spring-security-web-6.3.1.jar:6.3.1]
	at org.springframework.security.web.ObservationFilterChainDecorator$ObservationFilter.wrapFilter(ObservationFilterChainDecorator.java:240) ~[spring-security-web-6.3.1.jar:6.3.1]
	at org.springframework.security.web.ObservationFilterChainDecorator$ObservationFilter.doFilter(ObservationFilterChainDecorator.java:227) ~[spring-security-web-6.3.1.jar:6.3.1]
	at org.springframework.security.web.ObservationFilterChainDecorator$VirtualFilterChain.doFilter(ObservationFilterChainDecorator.java:137) ~[spring-security-web-6.3.1.jar:6.3.1]
	at com.ldi.aams.auth.internal.JwtAuthFilter.doFilterInternal(JwtAuthFilter.java:64) ~[classes/:na]
	at org.springframework.web.filter.OncePerRequestFilter.doFilter(OncePerRequestFilter.java:116) ~[spring-web-6.1.11.jar:6.1.11]
	at org.springframework.security.web.ObservationFilterChainDecorator$ObservationFilter.wrapFilter(ObservationFilterChainDecorator.java:240) ~[spring-security-web-6.3.1.jar:6.3.1]
	at org.springframework.security.web.ObservationFilterChainDecorator$ObservationFilter.doFilter(ObservationFilterChainDecorator.java:227) ~[spring-security-web-6.3.1.jar:6.3.1]
	at org.springframework.security.web.ObservationFilterChainDecorator$VirtualFilterChain.doFilter(ObservationFilterChainDecorator.java:137) ~[spring-security-web-6.3.1.jar:6.3.1]
	at org.springframework.security.web.authentication.logout.LogoutFilter.doFilter(LogoutFilter.java:107) ~[spring-security-web-6.3.1.jar:6.3.1]
	at org.springframework.security.web.authentication.logout.LogoutFilter.doFilter(LogoutFilter.java:93) ~[spring-security-web-6.3.1.jar:6.3.1]
	at org.springframework.security.web.ObservationFilterChainDecorator$ObservationFilter.wrapFilter(ObservationFilterChainDecorator.java:240) ~[spring-security-web-6.3.1.jar:6.3.1]
	at org.springframework.security.web.ObservationFilterChainDecorator$ObservationFilter.doFilter(ObservationFilterChainDecorator.java:227) ~[spring-security-web-6.3.1.jar:6.3.1]
	at org.springframework.security.web.ObservationFilterChainDecorator$VirtualFilterChain.doFilter(ObservationFilterChainDecorator.java:137) ~[spring-security-web-6.3.1.jar:6.3.1]
	at org.springframework.web.filter.CorsFilter.doFilterInternal(CorsFilter.java:91) ~[spring-web-6.1.11.jar:6.1.11]
	at org.springframework.web.filter.OncePerRequestFilter.doFilter(OncePerRequestFilter.java:116) ~[spring-web-6.1.11.jar:6.1.11]
	at org.springframework.security.web.ObservationFilterChainDecorator$ObservationFilter.wrapFilter(ObservationFilterChainDecorator.java:240) ~[spring-security-web-6.3.1.jar:6.3.1]
	at org.springframework.security.web.ObservationFilterChainDecorator$ObservationFilter.doFilter(ObservationFilterChainDecorator.java:227) ~[spring-security-web-6.3.1.jar:6.3.1]
	at org.springframework.security.web.ObservationFilterChainDecorator$VirtualFilterChain.doFilter(ObservationFilterChainDecorator.java:137) ~[spring-security-web-6.3.1.jar:6.3.1]
	at org.springframework.security.web.header.HeaderWriterFilter.doHeadersAfter(HeaderWriterFilter.java:90) ~[spring-security-web-6.3.1.jar:6.3.1]
	at org.springframework.security.web.header.HeaderWriterFilter.doFilterInternal(HeaderWriterFilter.java:75) ~[spring-security-web-6.3.1.jar:6.3.1]
	at org.springframework.web.filter.OncePerRequestFilter.doFilter(OncePerRequestFilter.java:116) ~[spring-web-6.1.11.jar:6.1.11]
	at org.springframework.security.web.ObservationFilterChainDecorator$ObservationFilter.wrapFilter(ObservationFilterChainDecorator.java:240) ~[spring-security-web-6.3.1.jar:6.3.1]
	at org.springframework.security.web.ObservationFilterChainDecorator$ObservationFilter.doFilter(ObservationFilterChainDecorator.java:227) ~[spring-security-web-6.3.1.jar:6.3.1]
	at org.springframework.security.web.ObservationFilterChainDecorator$VirtualFilterChain.doFilter(ObservationFilterChainDecorator.java:137) ~[spring-security-web-6.3.1.jar:6.3.1]
	at org.springframework.security.web.context.SecurityContextHolderFilter.doFilter(SecurityContextHolderFilter.java:82) ~[spring-security-web-6.3.1.jar:6.3.1]
	at org.springframework.security.web.context.SecurityContextHolderFilter.doFilter(SecurityContextHolderFilter.java:69) ~[spring-security-web-6.3.1.jar:6.3.1]
	at org.springframework.security.web.ObservationFilterChainDecorator$ObservationFilter.wrapFilter(ObservationFilterChainDecorator.java:240) ~[spring-security-web-6.3.1.jar:6.3.1]
	at org.springframework.security.web.ObservationFilterChainDecorator$ObservationFilter.doFilter(ObservationFilterChainDecorator.java:227) ~[spring-security-web-6.3.1.jar:6.3.1]
	at org.springframework.security.web.ObservationFilterChainDecorator$VirtualFilterChain.doFilter(ObservationFilterChainDecorator.java:137) ~[spring-security-web-6.3.1.jar:6.3.1]
	at org.springframework.security.web.context.request.async.WebAsyncManagerIntegrationFilter.doFilterInternal(WebAsyncManagerIntegrationFilter.java:62) ~[spring-security-web-6.3.1.jar:6.3.1]
	at org.springframework.web.filter.OncePerRequestFilter.doFilter(OncePerRequestFilter.java:116) ~[spring-web-6.1.11.jar:6.1.11]
	at org.springframework.security.web.ObservationFilterChainDecorator$ObservationFilter.wrapFilter(ObservationFilterChainDecorator.java:240) ~[spring-security-web-6.3.1.jar:6.3.1]
	at org.springframework.security.web.ObservationFilterChainDecorator$ObservationFilter.doFilter(ObservationFilterChainDecorator.java:227) ~[spring-security-web-6.3.1.jar:6.3.1]
	at org.springframework.security.web.ObservationFilterChainDecorator$VirtualFilterChain.doFilter(ObservationFilterChainDecorator.java:137) ~[spring-security-web-6.3.1.jar:6.3.1]
	at org.springframework.security.web.session.DisableEncodeUrlFilter.doFilterInternal(DisableEncodeUrlFilter.java:42) ~[spring-security-web-6.3.1.jar:6.3.1]
	at org.springframework.web.filter.OncePerRequestFilter.doFilter(OncePerRequestFilter.java:116) ~[spring-web-6.1.11.jar:6.1.11]
	at org.springframework.security.web.ObservationFilterChainDecorator$ObservationFilter.wrapFilter(ObservationFilterChainDecorator.java:240) ~[spring-security-web-6.3.1.jar:6.3.1]
	at org.springframework.security.web.ObservationFilterChainDecorator$AroundFilterObservation$SimpleAroundFilterObservation.lambda$wrap$0(ObservationFilterChainDecorator.java:323) ~[spring-security-web-6.3.1.jar:6.3.1]
	at org.springframework.security.web.ObservationFilterChainDecorator$ObservationFilter.doFilter(ObservationFilterChainDecorator.java:224) ~[spring-security-web-6.3.1.jar:6.3.1]
	at org.springframework.security.web.ObservationFilterChainDecorator$VirtualFilterChain.doFilter(ObservationFilterChainDecorator.java:137) ~[spring-security-web-6.3.1.jar:6.3.1]
	at org.springframework.security.web.FilterChainProxy.doFilterInternal(FilterChainProxy.java:233) ~[spring-security-web-6.3.1.jar:6.3.1]
	at org.springframework.security.web.FilterChainProxy.doFilter(FilterChainProxy.java:191) ~[spring-security-web-6.3.1.jar:6.3.1]
	at org.springframework.web.filter.CompositeFilter$VirtualFilterChain.doFilter(CompositeFilter.java:113) ~[spring-web-6.1.11.jar:6.1.11]
	at org.springframework.web.servlet.handler.HandlerMappingIntrospector.lambda$createCacheFilter$3(HandlerMappingIntrospector.java:195) ~[spring-webmvc-6.1.11.jar:6.1.11]
	at org.springframework.web.filter.CompositeFilter$VirtualFilterChain.doFilter(CompositeFilter.java:113) ~[spring-web-6.1.11.jar:6.1.11]
	at org.springframework.web.filter.CompositeFilter.doFilter(CompositeFilter.java:74) ~[spring-web-6.1.11.jar:6.1.11]
	at org.springframework.security.config.annotation.web.configuration.WebMvcSecurityConfiguration$CompositeFilterChainProxy.doFilter(WebMvcSecurityConfiguration.java:230) ~[spring-security-config-6.3.1.jar:6.3.1]
	at org.springframework.web.filter.DelegatingFilterProxy.invokeDelegate(DelegatingFilterProxy.java:352) ~[spring-web-6.1.11.jar:6.1.11]
	at org.springframework.web.filter.DelegatingFilterProxy.doFilter(DelegatingFilterProxy.java:268) ~[spring-web-6.1.11.jar:6.1.11]
	at org.apache.catalina.core.ApplicationFilterChain.internalDoFilter(ApplicationFilterChain.java:164) ~[tomcat-embed-core-10.1.26.jar:10.1.26]
	at org.apache.catalina.core.ApplicationFilterChain.doFilter(ApplicationFilterChain.java:140) ~[tomcat-embed-core-10.1.26.jar:10.1.26]
	at org.springframework.web.filter.RequestContextFilter.doFilterInternal(RequestContextFilter.java:100) ~[spring-web-6.1.11.jar:6.1.11]
	at org.springframework.web.filter.OncePerRequestFilter.doFilter(OncePerRequestFilter.java:116) ~[spring-web-6.1.11.jar:6.1.11]
	at org.apache.catalina.core.ApplicationFilterChain.internalDoFilter(ApplicationFilterChain.java:164) ~[tomcat-embed-core-10.1.26.jar:10.1.26]
	at org.apache.catalina.core.ApplicationFilterChain.doFilter(ApplicationFilterChain.java:140) ~[tomcat-embed-core-10.1.26.jar:10.1.26]
	at org.springframework.web.filter.FormContentFilter.doFilterInternal(FormContentFilter.java:93) ~[spring-web-6.1.11.jar:6.1.11]
	at org.springframework.web.filter.OncePerRequestFilter.doFilter(OncePerRequestFilter.java:116) ~[spring-web-6.1.11.jar:6.1.11]
	at org.apache.catalina.core.ApplicationFilterChain.internalDoFilter(ApplicationFilterChain.java:164) ~[tomcat-embed-core-10.1.26.jar:10.1.26]
	at org.apache.catalina.core.ApplicationFilterChain.doFilter(ApplicationFilterChain.java:140) ~[tomcat-embed-core-10.1.26.jar:10.1.26]
	at org.springframework.web.filter.ServerHttpObservationFilter.doFilterInternal(ServerHttpObservationFilter.java:113) ~[spring-web-6.1.11.jar:6.1.11]
	at org.springframework.web.filter.OncePerRequestFilter.doFilter(OncePerRequestFilter.java:116) ~[spring-web-6.1.11.jar:6.1.11]
	at org.apache.catalina.core.ApplicationFilterChain.internalDoFilter(ApplicationFilterChain.java:164) ~[tomcat-embed-core-10.1.26.jar:10.1.26]
	at org.apache.catalina.core.ApplicationFilterChain.doFilter(ApplicationFilterChain.java:140) ~[tomcat-embed-core-10.1.26.jar:10.1.26]
	at org.springframework.web.filter.CharacterEncodingFilter.doFilterInternal(CharacterEncodingFilter.java:201) ~[spring-web-6.1.11.jar:6.1.11]
	at org.springframework.web.filter.OncePerRequestFilter.doFilter(OncePerRequestFilter.java:116) ~[spring-web-6.1.11.jar:6.1.11]
	at org.apache.catalina.core.ApplicationFilterChain.internalDoFilter(ApplicationFilterChain.java:164) ~[tomcat-embed-core-10.1.26.jar:10.1.26]
	at org.apache.catalina.core.ApplicationFilterChain.doFilter(ApplicationFilterChain.java:140) ~[tomcat-embed-core-10.1.26.jar:10.1.26]
	at org.apache.catalina.core.StandardWrapperValve.invoke(StandardWrapperValve.java:167) ~[tomcat-embed-core-10.1.26.jar:10.1.26]
	at org.apache.catalina.core.StandardContextValve.invoke(StandardContextValve.java:90) ~[tomcat-embed-core-10.1.26.jar:10.1.26]
	at org.apache.catalina.authenticator.AuthenticatorBase.invoke(AuthenticatorBase.java:483) ~[tomcat-embed-core-10.1.26.jar:10.1.26]
	at org.apache.catalina.core.StandardHostValve.invoke(StandardHostValve.java:115) ~[tomcat-embed-core-10.1.26.jar:10.1.26]
	at org.apache.catalina.valves.ErrorReportValve.invoke(ErrorReportValve.java:93) ~[tomcat-embed-core-10.1.26.jar:10.1.26]
	at org.apache.catalina.core.StandardEngineValve.invoke(StandardEngineValve.java:74) ~[tomcat-embed-core-10.1.26.jar:10.1.26]
	at org.apache.catalina.connector.CoyoteAdapter.service(CoyoteAdapter.java:344) ~[tomcat-embed-core-10.1.26.jar:10.1.26]
	at org.apache.coyote.http11.Http11Processor.service(Http11Processor.java:389) ~[tomcat-embed-core-10.1.26.jar:10.1.26]
	at org.apache.coyote.AbstractProcessorLight.process(AbstractProcessorLight.java:63) ~[tomcat-embed-core-10.1.26.jar:10.1.26]
	at org.apache.coyote.AbstractProtocol$ConnectionHandler.process(AbstractProtocol.java:904) ~[tomcat-embed-core-10.1.26.jar:10.1.26]
	at org.apache.tomcat.util.net.NioEndpoint$SocketProcessor.doRun(NioEndpoint.java:1741) ~[tomcat-embed-core-10.1.26.jar:10.1.26]
	at org.apache.tomcat.util.net.SocketProcessorBase.run(SocketProcessorBase.java:52) ~[tomcat-embed-core-10.1.26.jar:10.1.26]
	at org.apache.tomcat.util.threads.ThreadPoolExecutor.runWorker(ThreadPoolExecutor.java:1190) ~[tomcat-embed-core-10.1.26.jar:10.1.26]
	at org.apache.tomcat.util.threads.ThreadPoolExecutor$Worker.run(ThreadPoolExecutor.java:659) ~[tomcat-embed-core-10.1.26.jar:10.1.26]
	at org.apache.tomcat.util.threads.TaskThread$WrappingRunnable.run(TaskThread.java:63) ~[tomcat-embed-core-10.1.26.jar:10.1.26]
	at java.base/java.lang.Thread.run(Thread.java:1570) ~[na:na]
	Suppressed: org.springframework.web.context.request.async.AsyncRequestNotUsableException: Response not usable after response errors.
		at org.springframework.web.context.request.async.StandardServletAsyncWebRequest$LifecycleHttpServletResponse.obtainLockAndCheckState(StandardServletAsyncWebRequest.java:314) ~[spring-web-6.1.11.jar:6.1.11]
		at org.springframework.web.context.request.async.StandardServletAsyncWebRequest$LifecycleServletOutputStream.write(StandardServletAsyncWebRequest.java:373) ~[spring-web-6.1.11.jar:6.1.11]
		at org.springframework.util.StreamUtils$NonClosingOutputStream.write(StreamUtils.java:261) ~[spring-core-6.1.11.jar:6.1.11]
		at com.fasterxml.jackson.core.json.UTF8JsonGenerator._flushBuffer(UTF8JsonGenerator.java:2210) ~[jackson-core-2.17.2.jar:2.17.2]
		at com.fasterxml.jackson.core.json.UTF8JsonGenerator.close(UTF8JsonGenerator.java:1234) ~[jackson-core-2.17.2.jar:2.17.2]
		at org.springframework.http.converter.json.AbstractJackson2HttpMessageConverter.writeInternal(AbstractJackson2HttpMessageConverter.java:452) ~[spring-web-6.1.11.jar:6.1.11]
		... 135 common frames omitted
Caused by: org.apache.catalina.connector.ClientAbortException: java.io.IOException: An established connection was aborted by the software in your host machine
	at org.apache.catalina.connector.OutputBuffer.realWriteBytes(OutputBuffer.java:341) ~[tomcat-embed-core-10.1.26.jar:10.1.26]
	at org.apache.catalina.connector.OutputBuffer.flushByteBuffer(OutputBuffer.java:776) ~[tomcat-embed-core-10.1.26.jar:10.1.26]
	at org.apache.catalina.connector.OutputBuffer.append(OutputBuffer.java:673) ~[tomcat-embed-core-10.1.26.jar:10.1.26]
	at org.apache.catalina.connector.OutputBuffer.writeBytes(OutputBuffer.java:376) ~[tomcat-embed-core-10.1.26.jar:10.1.26]
	at org.apache.catalina.connector.OutputBuffer.write(OutputBuffer.java:354) ~[tomcat-embed-core-10.1.26.jar:10.1.26]
	at org.apache.catalina.connector.CoyoteOutputStream.write(CoyoteOutputStream.java:103) ~[tomcat-embed-core-10.1.26.jar:10.1.26]
	at org.springframework.security.web.util.OnCommittedResponseWrapper$SaveContextServletOutputStream.write(OnCommittedResponseWrapper.java:639) ~[spring-security-web-6.3.1.jar:6.3.1]
	at org.springframework.web.context.request.async.StandardServletAsyncWebRequest$LifecycleServletOutputStream.write(StandardServletAsyncWebRequest.java:375) ~[spring-web-6.1.11.jar:6.1.11]
	... 153 common frames omitted
Caused by: java.io.IOException: An established connection was aborted by the software in your host machine
	at java.base/sun.nio.ch.SocketDispatcher.write0(Native Method) ~[na:na]
	at java.base/sun.nio.ch.SocketDispatcher.write(SocketDispatcher.java:54) ~[na:na]
	at java.base/sun.nio.ch.IOUtil.writeFromNativeBuffer(IOUtil.java:137) ~[na:na]
	at java.base/sun.nio.ch.IOUtil.write(IOUtil.java:102) ~[na:na]
	at java.base/sun.nio.ch.IOUtil.write(IOUtil.java:58) ~[na:na]
	at java.base/sun.nio.ch.SocketChannelImpl.implWrite(SocketChannelImpl.java:566) ~[na:na]
	at java.base/sun.nio.ch.SocketChannelImpl.write(SocketChannelImpl.java:618) ~[na:na]
	at org.apache.tomcat.util.net.NioChannel.write(NioChannel.java:122) ~[tomcat-embed-core-10.1.26.jar:10.1.26]
	at org.apache.tomcat.util.net.NioEndpoint$NioSocketWrapper.doWrite(NioEndpoint.java:1378) ~[tomcat-embed-core-10.1.26.jar:10.1.26]
	at org.apache.tomcat.util.net.SocketWrapperBase.doWrite(SocketWrapperBase.java:764) ~[tomcat-embed-core-10.1.26.jar:10.1.26]
	at org.apache.tomcat.util.net.SocketWrapperBase.writeBlocking(SocketWrapperBase.java:589) ~[tomcat-embed-core-10.1.26.jar:10.1.26]
	at org.apache.tomcat.util.net.SocketWrapperBase.write(SocketWrapperBase.java:533) ~[tomcat-embed-core-10.1.26.jar:10.1.26]
	at org.apache.coyote.http11.Http11OutputBuffer$SocketOutputBuffer.doWrite(Http11OutputBuffer.java:533) ~[tomcat-embed-core-10.1.26.jar:10.1.26]
	at org.apache.coyote.http11.filters.ChunkedOutputFilter.doWrite(ChunkedOutputFilter.java:112) ~[tomcat-embed-core-10.1.26.jar:10.1.26]
	at org.apache.coyote.http11.Http11OutputBuffer.doWrite(Http11OutputBuffer.java:193) ~[tomcat-embed-core-10.1.26.jar:10.1.26]
	at org.apache.coyote.Response.doWrite(Response.java:622) ~[tomcat-embed-core-10.1.26.jar:10.1.26]
	at org.apache.catalina.connector.OutputBuffer.realWriteBytes(OutputBuffer.java:329) ~[tomcat-embed-core-10.1.26.jar:10.1.26]
	... 160 common frames omitted

2026-08-15T12:43:53.275+03:00  INFO 26180 --- [demo] [SpringApplicationShutdownHook] .s.m.e.c.DefaultEventPublicationRegistry : No publications outstanding!
2026-08-15T12:43:53.335+03:00  INFO 26180 --- [demo] [SpringApplicationShutdownHook] j.LocalContainerEntityManagerFactoryBean : Closing JPA EntityManagerFactory for persistence unit 'default'
2026-08-15T12:43:53.385+03:00  INFO 26180 --- [demo] [SpringApplicationShutdownHook] com.zaxxer.hikari.HikariDataSource       : HikariPool-1 - Shutdown initiated...
2026-08-15T12:43:55.327+03:00  INFO 26180 --- [demo] [SpringApplicationShutdownHook] com.zaxxer.hikari.HikariDataSource       : HikariPool-1 - Shutdown completed.
2026-08-15T12:44:32.644+03:00  INFO 31760 --- [demo] [main] com.ldi.aams.AamsApplication             : Starting AamsApplication using Java 22.0.2 with PID 31760 (C:\Users\Moham\OneDrive\Desktop\PROJECTS\Airline-Mangement\backend\target\classes started by Moham in C:\Users\Moham\OneDrive\Desktop\PROJECTS\Airline-Mangement\backend)
2026-08-15T12:44:32.652+03:00 DEBUG 31760 --- [demo] [main] com.ldi.aams.AamsApplication             : Running with Spring Boot v3.3.2, Spring v6.1.11
2026-08-15T12:44:32.654+03:00  INFO 31760 --- [demo] [main] com.ldi.aams.AamsApplication             : No active profile set, falling back to 1 default profile: "default"
2026-08-15T12:44:36.194+03:00  INFO 31760 --- [demo] [main] .s.d.r.c.RepositoryConfigurationDelegate : Bootstrapping Spring Data JPA repositories in DEFAULT mode.
2026-08-15T12:44:36.568+03:00  INFO 31760 --- [demo] [main] .s.d.r.c.RepositoryConfigurationDelegate : Finished Spring Data repository scanning in 349 ms. Found 14 JPA repository interfaces.
2026-08-15T12:44:39.313+03:00  INFO 31760 --- [demo] [main] o.s.b.w.embedded.tomcat.TomcatWebServer  : Tomcat initialized with port 8082 (http)
2026-08-15T12:44:39.375+03:00  INFO 31760 --- [demo] [main] o.apache.catalina.core.StandardService   : Starting service [Tomcat]
2026-08-15T12:44:39.377+03:00  INFO 31760 --- [demo] [main] o.apache.catalina.core.StandardEngine    : Starting Servlet engine: [Apache Tomcat/10.1.26]
2026-08-15T12:44:39.573+03:00  INFO 31760 --- [demo] [main] o.a.c.c.C.[Tomcat].[localhost].[/]       : Initializing Spring embedded WebApplicationContext
2026-08-15T12:44:39.573+03:00  INFO 31760 --- [demo] [main] w.s.c.ServletWebServerApplicationContext : Root WebApplicationContext: initialization completed in 6761 ms
2026-08-15T12:44:40.613+03:00  INFO 31760 --- [demo] [main] com.zaxxer.hikari.HikariDataSource       : HikariPool-1 - Starting...
2026-08-15T12:44:42.847+03:00  INFO 31760 --- [demo] [main] com.zaxxer.hikari.pool.HikariPool        : HikariPool-1 - Added connection org.postgresql.jdbc.PgConnection@2ac05a33
2026-08-15T12:44:42.851+03:00  INFO 31760 --- [demo] [main] com.zaxxer.hikari.HikariDataSource       : HikariPool-1 - Start completed.
2026-08-15T12:44:43.117+03:00  INFO 31760 --- [demo] [main] org.flywaydb.core.FlywayExecutor         : Database: jdbc:postgresql://ep-tiny-night-b1ydnyk0.c-5.eu-central-1.aws.neon.tech/neondb (PostgreSQL 18.4)
2026-08-15T12:44:43.785+03:00  WARN 31760 --- [demo] [main] o.f.c.internal.database.base.Database    : Flyway upgrade recommended: PostgreSQL 18.4 is newer than this version of Flyway and support has not been tested. The latest supported version of PostgreSQL is 16.
2026-08-15T12:44:44.435+03:00  INFO 31760 --- [demo] [main] o.f.core.internal.command.DbValidate     : Successfully validated 16 migrations (execution time 00:00.513s)
2026-08-15T12:44:45.675+03:00  INFO 31760 --- [demo] [main] o.f.core.internal.command.DbMigrate      : Current version of schema "public": 15
2026-08-15T12:44:45.838+03:00  INFO 31760 --- [demo] [main] o.f.core.internal.command.DbMigrate      : Schema "public" is up to date. No migration necessary.
2026-08-15T12:44:46.734+03:00  INFO 31760 --- [demo] [main] o.hibernate.jpa.internal.util.LogHelper  : HHH000204: Processing PersistenceUnitInfo [name: default]
2026-08-15T12:44:46.938+03:00  INFO 31760 --- [demo] [main] org.hibernate.Version                    : HHH000412: Hibernate ORM core version 6.5.2.Final
2026-08-15T12:44:47.057+03:00  INFO 31760 --- [demo] [main] o.h.c.internal.RegionFactoryInitiator    : HHH000026: Second-level cache disabled
2026-08-15T12:44:48.274+03:00  INFO 31760 --- [demo] [main] o.s.o.j.p.SpringPersistenceUnitInfo      : No LoadTimeWeaver setup: ignoring JPA class transformer
2026-08-15T12:44:48.683+03:00  WARN 31760 --- [demo] [main] org.hibernate.orm.deprecation            : HHH90000025: PostgreSQLDialect does not need to be specified explicitly using 'hibernate.dialect' (remove the property setting and it will be selected by default)
2026-08-15T12:44:53.737+03:00  INFO 31760 --- [demo] [main] o.h.e.t.j.p.i.JtaPlatformInitiator       : HHH000489: No JTA platform available (set 'hibernate.transaction.jta.platform' to enable JTA platform integration)
2026-08-15T12:44:59.045+03:00  INFO 31760 --- [demo] [main] j.LocalContainerEntityManagerFactoryBean : Initialized JPA EntityManagerFactory for persistence unit 'default'
2026-08-15T12:45:00.403+03:00 DEBUG 31760 --- [demo] [main] c.ldi.aams.auth.internal.JwtAuthFilter   : Filter 'jwtAuthFilter' configured for use
2026-08-15T12:45:01.151+03:00  INFO 31760 --- [demo] [main] eAuthenticationProviderManagerConfigurer : Global AuthenticationManager configured with AuthenticationProvider bean with name authenticationProvider
2026-08-15T12:45:01.158+03:00  WARN 31760 --- [demo] [main] r$InitializeUserDetailsManagerConfigurer : Global AuthenticationManager configured with an AuthenticationProvider bean. UserDetailsService beans will not be used for username/password login. Consider removing the AuthenticationProvider bean. Alternatively, consider using the UserDetailsService in a manually instantiated DaoAuthenticationProvider.
2026-08-15T12:45:01.922+03:00  INFO 31760 --- [demo] [main] o.s.d.j.r.query.QueryEnhancerFactory     : Hibernate is in classpath; If applicable, HQL parser will be used.
2026-08-15T12:45:04.349+03:00  WARN 31760 --- [demo] [main] JpaBaseConfiguration$JpaWebConfiguration : spring.jpa.open-in-view is enabled by default. Therefore, database queries may be performed during view rendering. Explicitly configure spring.jpa.open-in-view to disable this warning
2026-08-15T12:45:05.701+03:00  INFO 31760 --- [demo] [main] o.s.b.a.e.web.EndpointLinksResolver      : Exposing 1 endpoint beneath base path '/actuator'
2026-08-15T12:45:07.774+03:00  INFO 31760 --- [demo] [main] o.s.b.w.embedded.tomcat.TomcatWebServer  : Tomcat started on port 8082 (http) with context path '/'
2026-08-15T12:45:07.832+03:00  INFO 31760 --- [demo] [main] o.s.s.config.TaskSchedulerRouter         : No TaskScheduler/ScheduledExecutorService bean found for scheduled processing
2026-08-15T12:45:07.852+03:00  INFO 31760 --- [demo] [main] com.ldi.aams.AamsApplication             : Started AamsApplication in 37.013 seconds (process running for 38.424)
2026-08-15T12:45:30.124+03:00  INFO 31760 --- [demo] [http-nio-8082-exec-2] o.a.c.c.C.[Tomcat].[localhost].[/]       : Initializing Spring DispatcherServlet 'dispatcherServlet'
2026-08-15T12:45:30.126+03:00  INFO 31760 --- [demo] [http-nio-8082-exec-2] o.s.web.servlet.DispatcherServlet        : Initializing Servlet 'dispatcherServlet'
2026-08-15T12:45:30.130+03:00  INFO 31760 --- [demo] [http-nio-8082-exec-2] o.s.web.servlet.DispatcherServlet        : Completed initialization in 3 ms
2026-08-15T12:50:07.960+03:00  INFO 31760 --- [demo] [SpringApplicationShutdownHook] .s.m.e.c.DefaultEventPublicationRegistry : No publications outstanding!
2026-08-15T12:50:07.997+03:00  INFO 31760 --- [demo] [SpringApplicationShutdownHook] j.LocalContainerEntityManagerFactoryBean : Closing JPA EntityManagerFactory for persistence unit 'default'
2026-08-15T12:50:08.033+03:00  INFO 31760 --- [demo] [SpringApplicationShutdownHook] com.zaxxer.hikari.HikariDataSource       : HikariPool-1 - Shutdown initiated...
2026-08-15T12:50:08.976+03:00  INFO 31760 --- [demo] [SpringApplicationShutdownHook] com.zaxxer.hikari.HikariDataSource       : HikariPool-1 - Shutdown completed.
2026-08-15T12:50:24.793+03:00  INFO 26820 --- [demo] [main] com.ldi.aams.AamsApplication             : Starting AamsApplication using Java 22.0.2 with PID 26820 (C:\Users\Moham\OneDrive\Desktop\PROJECTS\Airline-Mangement\backend\target\classes started by Moham in C:\Users\Moham\OneDrive\Desktop\PROJECTS\Airline-Mangement\backend)
2026-08-15T12:50:24.796+03:00 DEBUG 26820 --- [demo] [main] com.ldi.aams.AamsApplication             : Running with Spring Boot v3.3.2, Spring v6.1.11
2026-08-15T12:50:24.797+03:00  INFO 26820 --- [demo] [main] com.ldi.aams.AamsApplication             : No active profile set, falling back to 1 default profile: "default"
2026-08-15T12:50:27.370+03:00  INFO 26820 --- [demo] [main] .s.d.r.c.RepositoryConfigurationDelegate : Bootstrapping Spring Data JPA repositories in DEFAULT mode.
2026-08-15T12:50:27.617+03:00  INFO 26820 --- [demo] [main] .s.d.r.c.RepositoryConfigurationDelegate : Finished Spring Data repository scanning in 223 ms. Found 14 JPA repository interfaces.
2026-08-15T12:50:29.727+03:00  INFO 26820 --- [demo] [main] o.s.b.w.embedded.tomcat.TomcatWebServer  : Tomcat initialized with port 8082 (http)
2026-08-15T12:50:29.757+03:00  INFO 26820 --- [demo] [main] o.apache.catalina.core.StandardService   : Starting service [Tomcat]
2026-08-15T12:50:29.760+03:00  INFO 26820 --- [demo] [main] o.apache.catalina.core.StandardEngine    : Starting Servlet engine: [Apache Tomcat/10.1.26]
2026-08-15T12:50:29.906+03:00  INFO 26820 --- [demo] [main] o.a.c.c.C.[Tomcat].[localhost].[/]       : Initializing Spring embedded WebApplicationContext
2026-08-15T12:50:29.909+03:00  INFO 26820 --- [demo] [main] w.s.c.ServletWebServerApplicationContext : Root WebApplicationContext: initialization completed in 5031 ms
2026-08-15T12:50:31.041+03:00  INFO 26820 --- [demo] [main] com.zaxxer.hikari.HikariDataSource       : HikariPool-1 - Starting...
2026-08-15T12:50:32.569+03:00  INFO 26820 --- [demo] [main] com.zaxxer.hikari.pool.HikariPool        : HikariPool-1 - Added connection org.postgresql.jdbc.PgConnection@356f20b7
2026-08-15T12:50:32.569+03:00  INFO 26820 --- [demo] [main] com.zaxxer.hikari.HikariDataSource       : HikariPool-1 - Start completed.
2026-08-15T12:50:32.793+03:00  INFO 26820 --- [demo] [main] org.flywaydb.core.FlywayExecutor         : Database: jdbc:postgresql://ep-tiny-night-b1ydnyk0.c-5.eu-central-1.aws.neon.tech/neondb (PostgreSQL 18.4)
2026-08-15T12:50:33.504+03:00  WARN 26820 --- [demo] [main] o.f.c.internal.database.base.Database    : Flyway upgrade recommended: PostgreSQL 18.4 is newer than this version of Flyway and support has not been tested. The latest supported version of PostgreSQL is 16.
2026-08-15T12:50:34.087+03:00  INFO 26820 --- [demo] [main] o.f.core.internal.command.DbValidate     : Successfully validated 16 migrations (execution time 00:00.473s)
2026-08-15T12:50:35.169+03:00  INFO 26820 --- [demo] [main] o.f.core.internal.command.DbMigrate      : Current version of schema "public": 15
2026-08-15T12:50:35.259+03:00  INFO 26820 --- [demo] [main] o.f.core.internal.command.DbMigrate      : Schema "public" is up to date. No migration necessary.
2026-08-15T12:50:35.922+03:00  INFO 26820 --- [demo] [main] o.hibernate.jpa.internal.util.LogHelper  : HHH000204: Processing PersistenceUnitInfo [name: default]
2026-08-15T12:50:36.010+03:00  INFO 26820 --- [demo] [main] org.hibernate.Version                    : HHH000412: Hibernate ORM core version 6.5.2.Final
2026-08-15T12:50:36.113+03:00  INFO 26820 --- [demo] [main] o.h.c.internal.RegionFactoryInitiator    : HHH000026: Second-level cache disabled
2026-08-15T12:50:36.477+03:00  INFO 26820 --- [demo] [main] o.s.o.j.p.SpringPersistenceUnitInfo      : No LoadTimeWeaver setup: ignoring JPA class transformer
2026-08-15T12:50:36.784+03:00  WARN 26820 --- [demo] [main] org.hibernate.orm.deprecation            : HHH90000025: PostgreSQLDialect does not need to be specified explicitly using 'hibernate.dialect' (remove the property setting and it will be selected by default)
2026-08-15T12:50:38.362+03:00  INFO 26820 --- [demo] [main] o.h.e.t.j.p.i.JtaPlatformInitiator       : HHH000489: No JTA platform available (set 'hibernate.transaction.jta.platform' to enable JTA platform integration)
2026-08-15T12:50:42.756+03:00  INFO 26820 --- [demo] [main] j.LocalContainerEntityManagerFactoryBean : Initialized JPA EntityManagerFactory for persistence unit 'default'
2026-08-15T12:50:43.163+03:00 DEBUG 26820 --- [demo] [main] c.ldi.aams.auth.internal.JwtAuthFilter   : Filter 'jwtAuthFilter' configured for use
2026-08-15T12:50:43.436+03:00  INFO 26820 --- [demo] [main] eAuthenticationProviderManagerConfigurer : Global AuthenticationManager configured with AuthenticationProvider bean with name authenticationProvider
2026-08-15T12:50:43.437+03:00  WARN 26820 --- [demo] [main] r$InitializeUserDetailsManagerConfigurer : Global AuthenticationManager configured with an AuthenticationProvider bean. UserDetailsService beans will not be used for username/password login. Consider removing the AuthenticationProvider bean. Alternatively, consider using the UserDetailsService in a manually instantiated DaoAuthenticationProvider.
2026-08-15T12:50:43.682+03:00  INFO 26820 --- [demo] [main] o.s.d.j.r.query.QueryEnhancerFactory     : Hibernate is in classpath; If applicable, HQL parser will be used.
2026-08-15T12:50:44.371+03:00  WARN 26820 --- [demo] [main] JpaBaseConfiguration$JpaWebConfiguration : spring.jpa.open-in-view is enabled by default. Therefore, database queries may be performed during view rendering. Explicitly configure spring.jpa.open-in-view to disable this warning
2026-08-15T12:50:44.831+03:00  INFO 26820 --- [demo] [main] o.s.b.a.e.web.EndpointLinksResolver      : Exposing 1 endpoint beneath base path '/actuator'
2026-08-15T12:50:45.661+03:00  INFO 26820 --- [demo] [main] o.s.b.w.embedded.tomcat.TomcatWebServer  : Tomcat started on port 8082 (http) with context path '/'
2026-08-15T12:50:45.685+03:00  INFO 26820 --- [demo] [main] o.s.s.config.TaskSchedulerRouter         : No TaskScheduler/ScheduledExecutorService bean found for scheduled processing
2026-08-15T12:50:45.696+03:00  INFO 26820 --- [demo] [main] com.ldi.aams.AamsApplication             : Started AamsApplication in 22.392 seconds (process running for 23.172)
2026-08-15T12:52:46.779+03:00  INFO 26820 --- [demo] [http-nio-8082-exec-1] o.a.c.c.C.[Tomcat].[localhost].[/]       : Initializing Spring DispatcherServlet 'dispatcherServlet'
2026-08-15T12:52:46.795+03:00  INFO 26820 --- [demo] [http-nio-8082-exec-1] o.s.web.servlet.DispatcherServlet        : Initializing Servlet 'dispatcherServlet'
2026-08-15T12:52:46.857+03:00  INFO 26820 --- [demo] [http-nio-8082-exec-1] o.s.web.servlet.DispatcherServlet        : Completed initialization in 62 ms
2026-08-15T12:53:00.622+03:00  INFO 26820 --- [demo] [SpringApplicationShutdownHook] .s.m.e.c.DefaultEventPublicationRegistry : No publications outstanding!
2026-08-15T12:53:00.647+03:00  INFO 26820 --- [demo] [SpringApplicationShutdownHook] j.LocalContainerEntityManagerFactoryBean : Closing JPA EntityManagerFactory for persistence unit 'default'
2026-08-15T12:53:00.674+03:00  INFO 26820 --- [demo] [SpringApplicationShutdownHook] com.zaxxer.hikari.HikariDataSource       : HikariPool-1 - Shutdown initiated...
2026-08-15T12:53:01.590+03:00  INFO 26820 --- [demo] [SpringApplicationShutdownHook] com.zaxxer.hikari.HikariDataSource       : HikariPool-1 - Shutdown completed.
2026-08-15T12:53:15.167+03:00  INFO 8128 --- [demo] [main] com.ldi.aams.AamsApplication             : Starting AamsApplication using Java 22.0.2 with PID 8128 (C:\Users\Moham\OneDrive\Desktop\PROJECTS\Airline-Mangement\backend\target\classes started by Moham in C:\Users\Moham\OneDrive\Desktop\PROJECTS\Airline-Mangement\backend)
2026-08-15T12:53:15.167+03:00 DEBUG 8128 --- [demo] [main] com.ldi.aams.AamsApplication             : Running with Spring Boot v3.3.2, Spring v6.1.11
2026-08-15T12:53:15.167+03:00  INFO 8128 --- [demo] [main] com.ldi.aams.AamsApplication             : No active profile set, falling back to 1 default profile: "default"
2026-08-15T12:53:17.785+03:00  INFO 8128 --- [demo] [main] .s.d.r.c.RepositoryConfigurationDelegate : Bootstrapping Spring Data JPA repositories in DEFAULT mode.
2026-08-15T12:53:18.219+03:00  INFO 8128 --- [demo] [main] .s.d.r.c.RepositoryConfigurationDelegate : Finished Spring Data repository scanning in 396 ms. Found 14 JPA repository interfaces.
2026-08-15T12:53:21.091+03:00  INFO 8128 --- [demo] [main] o.s.b.w.embedded.tomcat.TomcatWebServer  : Tomcat initialized with port 8082 (http)
2026-08-15T12:53:21.139+03:00  INFO 8128 --- [demo] [main] o.apache.catalina.core.StandardService   : Starting service [Tomcat]
2026-08-15T12:53:21.141+03:00  INFO 8128 --- [demo] [main] o.apache.catalina.core.StandardEngine    : Starting Servlet engine: [Apache Tomcat/10.1.26]
2026-08-15T12:53:21.322+03:00  INFO 8128 --- [demo] [main] o.a.c.c.C.[Tomcat].[localhost].[/]       : Initializing Spring embedded WebApplicationContext
2026-08-15T12:53:21.322+03:00  INFO 8128 --- [demo] [main] w.s.c.ServletWebServerApplicationContext : Root WebApplicationContext: initialization completed in 6029 ms
2026-08-15T12:53:22.329+03:00  INFO 8128 --- [demo] [main] com.zaxxer.hikari.HikariDataSource       : HikariPool-1 - Starting...
2026-08-15T12:53:24.222+03:00  INFO 8128 --- [demo] [main] com.zaxxer.hikari.pool.HikariPool        : HikariPool-1 - Added connection org.postgresql.jdbc.PgConnection@6e668322
2026-08-15T12:53:24.238+03:00  INFO 8128 --- [demo] [main] com.zaxxer.hikari.HikariDataSource       : HikariPool-1 - Start completed.
2026-08-15T12:53:24.475+03:00  INFO 8128 --- [demo] [main] org.flywaydb.core.FlywayExecutor         : Database: jdbc:postgresql://ep-tiny-night-b1ydnyk0.c-5.eu-central-1.aws.neon.tech/neondb (PostgreSQL 18.4)
2026-08-15T12:53:25.112+03:00  WARN 8128 --- [demo] [main] o.f.c.internal.database.base.Database    : Flyway upgrade recommended: PostgreSQL 18.4 is newer than this version of Flyway and support has not been tested. The latest supported version of PostgreSQL is 16.
2026-08-15T12:53:25.676+03:00  INFO 8128 --- [demo] [main] o.f.core.internal.command.DbValidate     : Successfully validated 16 migrations (execution time 00:00.456s)
2026-08-15T12:53:26.834+03:00  INFO 8128 --- [demo] [main] o.f.core.internal.command.DbMigrate      : Current version of schema "public": 15
2026-08-15T12:53:26.932+03:00  INFO 8128 --- [demo] [main] o.f.core.internal.command.DbMigrate      : Schema "public" is up to date. No migration necessary.
2026-08-15T12:53:27.934+03:00  INFO 8128 --- [demo] [main] o.hibernate.jpa.internal.util.LogHelper  : HHH000204: Processing PersistenceUnitInfo [name: default]
2026-08-15T12:53:28.191+03:00  INFO 8128 --- [demo] [main] org.hibernate.Version                    : HHH000412: Hibernate ORM core version 6.5.2.Final
2026-08-15T12:53:28.331+03:00  INFO 8128 --- [demo] [main] o.h.c.internal.RegionFactoryInitiator    : HHH000026: Second-level cache disabled
2026-08-15T12:53:29.557+03:00  INFO 8128 --- [demo] [main] o.s.o.j.p.SpringPersistenceUnitInfo      : No LoadTimeWeaver setup: ignoring JPA class transformer
2026-08-15T12:53:29.942+03:00  WARN 8128 --- [demo] [main] org.hibernate.orm.deprecation            : HHH90000025: PostgreSQLDialect does not need to be specified explicitly using 'hibernate.dialect' (remove the property setting and it will be selected by default)
2026-08-15T12:53:33.390+03:00  INFO 8128 --- [demo] [main] o.h.e.t.j.p.i.JtaPlatformInitiator       : HHH000489: No JTA platform available (set 'hibernate.transaction.jta.platform' to enable JTA platform integration)
2026-08-15T12:53:38.018+03:00  INFO 8128 --- [demo] [main] j.LocalContainerEntityManagerFactoryBean : Initialized JPA EntityManagerFactory for persistence unit 'default'
2026-08-15T12:53:39.367+03:00 DEBUG 8128 --- [demo] [main] c.ldi.aams.auth.internal.JwtAuthFilter   : Filter 'jwtAuthFilter' configured for use
2026-08-15T12:53:39.763+03:00  INFO 8128 --- [demo] [main] eAuthenticationProviderManagerConfigurer : Global AuthenticationManager configured with AuthenticationProvider bean with name authenticationProvider
2026-08-15T12:53:39.766+03:00  WARN 8128 --- [demo] [main] r$InitializeUserDetailsManagerConfigurer : Global AuthenticationManager configured with an AuthenticationProvider bean. UserDetailsService beans will not be used for username/password login. Consider removing the AuthenticationProvider bean. Alternatively, consider using the UserDetailsService in a manually instantiated DaoAuthenticationProvider.
2026-08-15T12:53:40.268+03:00  INFO 8128 --- [demo] [main] o.s.d.j.r.query.QueryEnhancerFactory     : Hibernate is in classpath; If applicable, HQL parser will be used.
2026-08-15T12:53:41.456+03:00  WARN 8128 --- [demo] [main] JpaBaseConfiguration$JpaWebConfiguration : spring.jpa.open-in-view is enabled by default. Therefore, database queries may be performed during view rendering. Explicitly configure spring.jpa.open-in-view to disable this warning
2026-08-15T12:53:42.044+03:00  INFO 8128 --- [demo] [main] o.s.b.a.e.web.EndpointLinksResolver      : Exposing 1 endpoint beneath base path '/actuator'
2026-08-15T12:53:43.151+03:00  INFO 8128 --- [demo] [main] o.s.b.w.embedded.tomcat.TomcatWebServer  : Tomcat started on port 8082 (http) with context path '/'
2026-08-15T12:53:43.169+03:00  INFO 8128 --- [demo] [main] o.s.s.config.TaskSchedulerRouter         : No TaskScheduler/ScheduledExecutorService bean found for scheduled processing
2026-08-15T12:53:43.178+03:00  INFO 8128 --- [demo] [main] com.ldi.aams.AamsApplication             : Started AamsApplication in 29.011 seconds (process running for 29.983)
2026-08-15T12:53:47.962+03:00  INFO 8128 --- [demo] [http-nio-8082-exec-2] o.a.c.c.C.[Tomcat].[localhost].[/]       : Initializing Spring DispatcherServlet 'dispatcherServlet'
2026-08-15T12:53:47.963+03:00  INFO 8128 --- [demo] [http-nio-8082-exec-2] o.s.web.servlet.DispatcherServlet        : Initializing Servlet 'dispatcherServlet'
2026-08-15T12:53:47.976+03:00  INFO 8128 --- [demo] [http-nio-8082-exec-2] o.s.web.servlet.DispatcherServlet        : Completed initialization in 12 ms
2026-08-15T13:12:41.655+03:00  WARN 8128 --- [demo] [http-nio-8082-exec-2] com.zaxxer.hikari.pool.PoolBase          : HikariPool-1 - Failed to validate connection org.postgresql.jdbc.PgConnection@34e5e4be (This connection has been closed.). Possibly consider using a shorter maxLifetime value.
2026-08-15T13:12:41.716+03:00  WARN 8128 --- [demo] [http-nio-8082-exec-2] com.zaxxer.hikari.pool.PoolBase          : HikariPool-1 - Failed to validate connection org.postgresql.jdbc.PgConnection@6e668322 (This connection has been closed.). Possibly consider using a shorter maxLifetime value.
2026-08-15T13:12:41.732+03:00  WARN 8128 --- [demo] [http-nio-8082-exec-2] com.zaxxer.hikari.pool.PoolBase          : HikariPool-1 - Failed to validate connection org.postgresql.jdbc.PgConnection@28b9f59d (This connection has been closed.). Possibly consider using a shorter maxLifetime value.
2026-08-15T13:12:41.740+03:00  WARN 8128 --- [demo] [http-nio-8082-exec-2] com.zaxxer.hikari.pool.PoolBase          : HikariPool-1 - Failed to validate connection org.postgresql.jdbc.PgConnection@33622420 (This connection has been closed.). Possibly consider using a shorter maxLifetime value.
2026-08-15T13:12:41.740+03:00  WARN 8128 --- [demo] [http-nio-8082-exec-2] com.zaxxer.hikari.pool.PoolBase          : HikariPool-1 - Failed to validate connection org.postgresql.jdbc.PgConnection@49c4fc36 (This connection has been closed.). Possibly consider using a shorter maxLifetime value.
2026-08-15T13:12:41.750+03:00  WARN 8128 --- [demo] [http-nio-8082-exec-2] com.zaxxer.hikari.pool.PoolBase          : HikariPool-1 - Failed to validate connection org.postgresql.jdbc.PgConnection@100d2fcd (This connection has been closed.). Possibly consider using a shorter maxLifetime value.
2026-08-15T13:12:41.756+03:00  WARN 8128 --- [demo] [http-nio-8082-exec-2] com.zaxxer.hikari.pool.PoolBase          : HikariPool-1 - Failed to validate connection org.postgresql.jdbc.PgConnection@77ff354c (This connection has been closed.). Possibly consider using a shorter maxLifetime value.
2026-08-15T13:12:41.756+03:00  WARN 8128 --- [demo] [http-nio-8082-exec-2] com.zaxxer.hikari.pool.PoolBase          : HikariPool-1 - Failed to validate connection org.postgresql.jdbc.PgConnection@559e5cb7 (This connection has been closed.). Possibly consider using a shorter maxLifetime value.
2026-08-15T13:12:41.764+03:00  WARN 8128 --- [demo] [http-nio-8082-exec-2] com.zaxxer.hikari.pool.PoolBase          : HikariPool-1 - Failed to validate connection org.postgresql.jdbc.PgConnection@3b553f7e (This connection has been closed.). Possibly consider using a shorter maxLifetime value.
2026-08-15T13:12:41.764+03:00  WARN 8128 --- [demo] [http-nio-8082-exec-2] com.zaxxer.hikari.pool.PoolBase          : HikariPool-1 - Failed to validate connection org.postgresql.jdbc.PgConnection@42df1c9e (This connection has been closed.). Possibly consider using a shorter maxLifetime value.
2026-08-15T13:25:01.695+03:00  WARN 8128 --- [demo] [http-nio-8082-exec-3] com.zaxxer.hikari.pool.PoolBase          : HikariPool-1 - Failed to validate connection org.postgresql.jdbc.PgConnection@35da752c (This connection has been closed.). Possibly consider using a shorter maxLifetime value.
2026-08-15T13:25:01.704+03:00  WARN 8128 --- [demo] [http-nio-8082-exec-8] com.zaxxer.hikari.pool.PoolBase          : HikariPool-1 - Failed to validate connection org.postgresql.jdbc.PgConnection@15c06aa6 (This connection has been closed.). Possibly consider using a shorter maxLifetime value.
2026-08-15T13:25:01.764+03:00  WARN 8128 --- [demo] [http-nio-8082-exec-8] com.zaxxer.hikari.pool.PoolBase          : HikariPool-1 - Failed to validate connection org.postgresql.jdbc.PgConnection@6dd2d166 (This connection has been closed.). Possibly consider using a shorter maxLifetime value.
2026-08-15T13:25:01.778+03:00  WARN 8128 --- [demo] [http-nio-8082-exec-8] com.zaxxer.hikari.pool.PoolBase          : HikariPool-1 - Failed to validate connection org.postgresql.jdbc.PgConnection@51881e1a (This connection has been closed.). Possibly consider using a shorter maxLifetime value.
2026-08-15T13:25:01.905+03:00  WARN 8128 --- [demo] [http-nio-8082-exec-3] com.zaxxer.hikari.pool.PoolBase          : HikariPool-1 - Failed to validate connection org.postgresql.jdbc.PgConnection@4aae6480 (This connection has been closed.). Possibly consider using a shorter maxLifetime value.
2026-08-15T13:25:01.905+03:00  WARN 8128 --- [demo] [http-nio-8082-exec-8] com.zaxxer.hikari.pool.PoolBase          : HikariPool-1 - Failed to validate connection org.postgresql.jdbc.PgConnection@1fbae7a0 (This connection has been closed.). Possibly consider using a shorter maxLifetime value.
2026-08-15T13:25:01.914+03:00  WARN 8128 --- [demo] [http-nio-8082-exec-8] com.zaxxer.hikari.pool.PoolBase          : HikariPool-1 - Failed to validate connection org.postgresql.jdbc.PgConnection@7973d7b9 (This connection has been closed.). Possibly consider using a shorter maxLifetime value.
2026-08-15T13:25:01.914+03:00  WARN 8128 --- [demo] [http-nio-8082-exec-3] com.zaxxer.hikari.pool.PoolBase          : HikariPool-1 - Failed to validate connection org.postgresql.jdbc.PgConnection@2ad4e50c (This connection has been closed.). Possibly consider using a shorter maxLifetime value.
2026-08-15T13:25:01.938+03:00  WARN 8128 --- [demo] [http-nio-8082-exec-8] com.zaxxer.hikari.pool.PoolBase          : HikariPool-1 - Failed to validate connection org.postgresql.jdbc.PgConnection@433f6caa (This connection has been closed.). Possibly consider using a shorter maxLifetime value.
2026-08-15T13:25:01.940+03:00  WARN 8128 --- [demo] [http-nio-8082-exec-3] com.zaxxer.hikari.pool.PoolBase          : HikariPool-1 - Failed to validate connection org.postgresql.jdbc.PgConnection@44bc4c99 (This connection has been closed.). Possibly consider using a shorter maxLifetime value.
